Titre,Prix,Marque,Modele,Transmission,Carburant,Annee,Kilometrage
BMW serie 5 a vendre,110000,BMW , 520,Automatique,Essence,2017,80000
peugeot 301,25000,Peugeot , 301,Manuelle,Essence,2018,78000
av mazda 2,37000,Mazda , 2,Manuelle,Essence,2013,150000
205 JUNIOR,4900,Peugeot , 205,Manuelle,Essence,1996,232000
belle polo7,50000,Volkswagen , Polo,Manuelle,Essence,2010,195000
av C2,16500,Citroen , C2,Manuelle,Essence,2006,182000
chevrolet sonic,45000,Chevrolet,Sonic,Manuelle,Essence,2015,150000
Voiture AUDI Q7 Monastir,87000,Audi , Q7,Automatique,Diesel,2007,60000
CITrOEN SAXO,25000,Citroen , SAXO,Manuelle,Essence,2011,210500
kia picanto,31000,Kia , Picanto,Manuelle,Essence,2017,90000
Kia Rio sedan,33000,Kia , Rio,Manuelle,Essence,2016,139000
Avendre Nissan Quashqai,32000,Nissan , Qashqai,Manuelle,Diesel,2016,99130
ford fiesta,20000,Ford , Fiesta,Manuelle,Essence,2010,260000
406,10800,Peugeot , 406,Manuelle,Essence,1999,270000
A vendre fiat punto,23000,Fiat , Punto,Manuelle,Essence,2013,160000
Land Rover Evoque,130000,Land Rover , Range Rover Evoque,Manuelle,Diesel,2016,96000
AV 208,27500,Peugeot , 208,Manuelle,Essence,2015,136000
golf 5,23500,Volkswagen , Golf,Manuelle,Diesel,2004,280000
golf 4,18500,Volkswagen , Golf,Manuelle,Diesel,2000,200000
Mercedes C 200 Bonne occasion,12500,Mercedes-Benz , C 180,Manuelle,Diesel,2000,290000
Passât automatique pour dossier handicapé,18000,Volkswagen , Passat,Automatique,Diesel,2004,194000
Particulier,49000,Volkswagen , Tiguan,Automatique,Diesel,2008,151000
Berlingo b9,22500,Citroen , Berlingo,Manuelle,Diesel,2012,446000
Citroën berlingo b9 3 places toute options,24000,Citroen , Berlingo,Manuelle,Diesel,2008,190000
av hyundai elantra,38000,Hyundai , Elantra,Manuelle,Essence,2013,170000
Golf 5 1.4 série limitée,30000,Volkswagen , Golf,Manuelle,Essence,2006,240000
voiture occasion a vendre,4000,BMW , 320,Manuelle,Diesel,2003,290000
POLO 3,14500,Volkswagen , Polo,Manuelle,Diesel,1998,286000
Volkswagen,34000,Volkswagen , Jetta,Manuelle,Diesel,2009,190000
D MAX 4 PORTE,55000,Isuzu , D-Max,Manuelle,Diesel,2010,200000
Dame vend voiture Ford KA,28000,Ford , Ka,Manuelle,Essence,2016,54000
MEGANE SEDAN,31000,Renault , Megane,Manuelle,Diesel,2011,110000
Citroen c5,22000,Citroen , C5,Manuelle,Diesel,2008,180000
C5 HDI,28500,Citroen , C5,Manuelle,Diesel,2009,145000
vente de voiture Nissan leaf,14000,Nissan , Leaf,Automatique,Electrique,2012,115000
Golf 6 impeccable,33000,Volkswagen , Golf,Manuelle,Essence,2011,152000
vente de voiture volskwagen,125000,Volkswagen , Golf,Manuelle,Essence,2015,131499
FIAT 500,28500,Fiat , 500,Manuelle,Essence,2011,162000
kia piacanto année 2017 // 35000 km,30500,Kia , Picanto,Manuelle,Essence,2017,35000
Chevrolet sonic en excellent état,26000,Chevrolet , Aveo,Manuelle,Essence,2017,112000
voiture,16000,Citroen , Autres,Manuelle,Essence,2013,100000
A vendre,70000,Ssangyong , Korando,Automatique,Diesel,2014,66000
avendre ou a echange golf 6 diesel bluemotion team,33000,Volkswagen , Golf,Manuelle,Diesel,2011,113000
Ford Fiesta TDCI Importé,22500,Ford , Fiesta,Manuelle,Diesel,2011,106
VOLKSWAGEN GOLF 7 CUP 1.2L TSI,50800,Volkswagen , Golf,Manuelle,Essence,2014,35000
BMW 525 D e60,32500,BMW , 525,Manuelle,Diesel,2005,270000
A vendre renault clio,31000,Renault , Clio,Manuelle,Essence,2013,30000
clio 3 tres bon etat,18700,Renault , Clio,Manuelle,Essence,2009,138900
Golf 7 à vendre,50000,Volkswagen , Golf 7,Manuelle,Essence,2013,75000
Golf7 Life importee,47000,Volkswagen , Golf,Manuelle,Essence,2014,45000
Belle golf 4 SDi intérieur cuire 2portes,14000,Volkswagen , Golf 4,Manuelle,Diesel,2003,300000
TRES BELLE PUNTO,17500,Fiat , Punto,Manuelle,Essence,2011,115000
ford kuga 2013,62000,Ford , Kuga,Automatique,Essence,2013,94000
Une belle ford focus,17500,Ford , Focus,Manuelle,Essence,2006,91504
partner 5 places,17800,Citroen , Berlingo,Manuelle,Diesel,2008,150000
Voiture Symbol,33000,Renault , Symbol,Manuelle,Essence,2016,30000
nissan sonny model 2004,15500,Nissan , Sunny,Manuelle,Essence,2006,183000
Mercedes,35000,Mercedes-Benz , 200,Automatique,Essence,2002,185000
206 4cv 1ère main,14000,Peugeot , 206,Manuelle,Essence,2004,215000
"AV Peugeot 208, DIESEL",33000,Peugeot , 208,Manuelle,Diesel,2014,135000
Mercedes-Benz C 220,40000,Mercedes-Benz , C 220,Automatique,Diesel,2014,100000
Ford mustang,201000,Ford , Mustang,Automatique,Essence,2015,100000
rover 75 a ne pas rater,14500,Rover , 75,Manuelle,Essence,2001,315000
passat premiere main,26000,Volkswagen , Passat,Manuelle,Essence,2008,176000
E200 Kompressor Avant Garde,21000,Mercedes-Benz , E 200,Manuelle,Essence,2001,340000
megane phase 3 break,26700,Renault , Autres,Manuelle,Diesel,2012,150000
w lupo,8800,Volkswagen , Lupo,Automatique,Essence,2000,250000
FORD MUSTANG,110000,Ford , Mustang,Manuelle,Essence,2007,31000
PEUGEOT 407,19500,Peugeot , 407,Manuelle,Diesel,2007,257000
Chevrolet Aveo,11700,Chevrolet , Aveo,Manuelle,Essence,2006,170000
polo 6,13800,Volkswagen , Polo,Manuelle,Essence,2006,137000
a vendre,43000,Skoda , Fabia,Manuelle,Essence,2016,7400
301 ttoption gamme france,22800,Peugeot , 301,Manuelle,Essence,2015,34000
A vendre où a echangé,13000,Citroen , Nemo,Manuelle,Diesel,2014,61000
clio classic,12800,Renault , Clio,Manuelle,Essence,2004,230000
Peugeot 407,21000,Peugeot , 407,Manuelle,Diesel,2006,200000
peugeot 407 1.6 hdi 110,21000,Peugeot , 407,Manuelle,Diesel,2006,120000
AV OPEL ASTRA BREAK,11500,Opel , Astra,Manuelle,Diesel,1999,235000
3008e-hdi bmp6 feline,48000,Peugeot , 3008,Automatique,Diesel,2012,101600
Super5 mouch normal,4800,Renault , Super5,Manuelle,Essence,1986,181000
clio estate 3,24500,Renault , Clio,Manuelle,Diesel,2010,167000000
Citroen Berlingo,14000,Citroen , Berlingo,Manuelle,Diesel,2010,180000
volkswagen jetta,58000,Volkswagen , Jetta,Automatique,Essence,2016,36000
Très belle mercedes s320,33700,Mercedes-Benz , S 320,Automatique,Diesel,2001,218000
Peugeot,9000,Peugeot , 206,Manuelle,Essence,2000,223000
isuzu,13000,Isuzu , PICK UP,Manuelle,Diesel,1993,250000
PAJERO 3200 DID,20000,Mitsubishi , Pajero,Manuelle,Diesel,2003,340000
opel corsa D de l'allemagne,15600,Opel , Corsa,Manuelle,Essence,2008,115000
AV PEUGEOT 205 - 1990 - 155000Km,5500,Peugeot , 205,Manuelle,Essence,1992,155000
Mercedes classe E270CDI avant-garde,27000,Mercedes-Benz , E 270,Manuelle,Diesel,2003,289000
polo 7 pack confort,17000,Volkswagen , Polo,Manuelle,Essence,2010,103000
"A 4, turbo, essence, 9 cv,",18700,Audi , A4,Manuelle,Essence,2001,202000
voiture neuf tts options 206+,20500,Peugeot , 206,Manuelle,Essence,2013,20500
Belle clio bombe,10700,Renault , Clio,Manuelle,Essence,1999,150000
"polo 1.4 blanche 5cv une seule main , propriétaire : femme médecin",23000,Volkswagen , Polo,Manuelle,Essence,2011,116000
belle c4,22000,Citroen , C4,Manuelle,Diesel,2010,1150000
Golf6 style+,44000,Volkswagen , Golf,Manuelle,Diesel,2011,170000
Clio 5,11800,Renault , Clio,Manuelle,Essence,2003,250000
R19 chamade essence 6cv,5500,Renault , R 19,Manuelle,Essence,1991,400000
Toyota Yaris 1.0 VVT-i Cool,125000,Toyota , Yaris,Manuelle,Essence,2009,30600
BIPPER TEPEE essence 5 Places Bleu Prix discutable,24200,Peugeot , Bipper Tepee,Manuelle,Essence,2012,95000
Av 207hdi 1.6 tt opt,15500,Peugeot , 207,Manuelle,Diesel,2007,229000
Fiat Grande Punto,14300,Fiat , Grande Punto,Manuelle,Essence,2009,100
Vendré un lancia y10,1800,Lancia , Ypsilon,Manuelle,Essence,1989,255897
Ford Fiesta 1.25L 2014 Neuve,26500,Ford , Fiesta,Manuelle,Essence,2014,29980
206+ 4ch etat neuf,19300,Peugeot , 206,Manuelle,Essence,2011,46000
Citroën saxo en excellent état,8000,Citroen , SAXO,Manuelle,Essence,2000,200000
Belle Megane Sedan Diesel,16500,Renault , Megane,Manuelle,Diesel,2007,192983
CITROEN C3 SERIE184,23000,Citroen , C3,Manuelle,Diesel,2012,110000
ford fiesta a ne pas rater,15000,Ford , Fiesta,Manuelle,Essence,2007,151000
TOYOTA HEACES CAROUSSURI AVEC CARTE GRIZ,2500,Toyota , Hiace,Manuelle,Diesel,1991,70
à vendre polo 5,11000,Volkswagen , Polo,Manuelle,Essence,2002,200
clio 3 en trés bonne état,20000,Renault , Clio,Manuelle,Essence,2010,111000
Super 5 diesel bonne occasion,5600,Renault , R 5,Manuelle,Diesel,1987,190000
vent Fiat punto classic 3,16300,Fiat , Punto,Manuelle,Essence,2010,83000
Peugeot 3008 full option diesel -50,40000,Peugeot , 3008,Manuelle,Diesel,2010,132000
A vendre golf 7,41500,Volkswagen , Golf,Manuelle,Essence,2013,38000
Clio campus octobre 2008,17300,Renault , Clio,Manuelle,Essence,2008,170000
turbo engictoin essence 5cv marche 172 km annee 1998 SEN PAPIY FIRAY VOITURE VENDRE FIRAY PRIX 6000 DT MERCI,6000,Volkswagen , Golf,Manuelle,Essence,1998,172
vente C 5,24500,Citroen , C5,Manuelle,Diesel,2009,151000
Meganne cascette,12700,Renault , Megane,Manuelle,Diesel,2005,151000
Fiat 500 25000Km,29000,Fiat , 500,Manuelle,Essence,2013,25000
"Ford Ka 1,3 bensin 69 HK",125000,Ford , Ka,Manuelle,Diesel,2007,95000
ford escort,4300,Ford , Escort,Manuelle,Essence,1984,25000
Belle i20 gris foncé,26800,Hyundai , i20,Manuelle,Essence,2013,32142
Clio bombé excellent,13200,Renault , Clio,Manuelle,Essence,2002,170000
Voiture Renault Clio Classic,8500,Renault , Clio,Manuelle,Diesel,2006,450000
NISSAN QASHQAI,32800,Nissan , Qashqai,Manuelle,Diesel,2010,105
VOLKSWAGEN PASSAT BREAK 1.6 ESSENCE BOITE AUTOMATIQUE,7000,Volkswagen , Passat,Automatique,Essence,1998,180000
turbo engictoin essence 6cv marche 172 km annee 1998 SEN PAPIY FIRAY VOITURE VENDRE FIRAY PRIX 6000 DT MERCI,6000,Volkswagen , Golf Plus,Manuelle,Essence,1998,172
belle301,15000,Peugeot , 301,Manuelle,Essence,2013,120000
Peugeot 206,11500,Peugeot , 206,Manuelle,Essence,2000,312000
"MAGNIFIQUE C5 1,9L HDI DIESEL IMPORTEE",25000,Citroen , C5,Manuelle,Diesel,2001,265000
megane 3 coupe 1.6 essence 7cv 1ere main 78000km boite 6,26500,Renault , Megane,Manuelle,Essence,2010,78000
Une Belle SCIROCCO,36000,Volkswagen , Scirocco,Automatique,Essence,2010,85000
Nissan Navara,37000,Nissan , Navara,Manuelle,Diesel,2009,350000
206 sedan,17000,Peugeot , 206,Manuelle,Essence,2008,62000
TRÈS BELLE MERCEDES ÉLÉGANCE C 180 EN TRÈS BON ÉTAT,23000,Mercedes-Benz , C 180,Manuelle,Essence,2001,220000
Peugeot 207 sw,26950,Peugeot , 207,Manuelle,Diesel,2011,169600
"Renault Scenic 1,6i AC",18000,Renault , Scenic,Manuelle,Diesel,2005,1490000
Golf 5 toutes options,23000,Volkswagen , Golf,Manuelle,Essence,2007,181000
Golf 6,34500,Volkswagen , Golf,Manuelle,Diesel,2010,115000
Golf 6,34500,Volkswagen , Golf,Manuelle,Diesel,2010,115000
grande Citroen C5,24000,Citroen , C5,Manuelle,Diesel,2009,123000
OPEL ISUZU 4 PORTES,27500,Opel , Pick Up Sportscap,Manuelle,Diesel,1997,116500
vente une belle fiat punto grande importé de l'Italie,125000,Fiat , Grande Punto,Manuelle,Essence,2011,130
FAIT GRANDE PUNTO,15800,Fiat , Grande Punto,Manuelle,Essence,2012,158724
Grande Punto Dynamic,125000,Fiat , Grande Punto,Manuelle,Essence,2010,107000
Belle passat7 1.6 TDI BLUEMOTION CONFORTLINE,46000,Volkswagen , Passat,Manuelle,Diesel,2012,106000
belle kia picanto,225,Kia , Picanto,Manuelle,Essence,2013,47000
Fiat uno fire,8300,Fiat , Uno,Manuelle,Essence,2003,110
Renault Fluence noir etat neuf,28000,Renault , Fluence,Manuelle,Essence,2011,112000
Une tres belle grandi punto pop,18500,Fiat , Grande Punto,Manuelle,Essence,2012,69000
a vendre polo 4,9600,Volkswagen , Polo,Manuelle,Essence,2000,250000
conforline polo 5,12300,Volkswagen , Polo,Manuelle,Essence,2003,172000
a ne pas raté,19000,Peugeot , Partner,Manuelle,Diesel,2008,212000
BELLE VOITURE 508 EHDI BOITE AUTO,39500,Peugeot , 508,Automatique,Diesel,2011,170000
Audi A3 Diesel,33000,Audi , A3,Manuelle,Diesel,2010,190000
toute opitoin essence 6 cv marche 172 km sen papiy annee 1998 vendre firay prix 6000 dt,6000,Volkswagen , Golf,Manuelle,Essence,1998,172
Renault MEGANE3 1.5 dCi TomTom,27000,Renault , Megane,Manuelle,Diesel,2011,130000
astra f classic,8400,Opel , Astra,Manuelle,Diesel,1995,249000
Fiat Grande Punto 1ere Main,19000,Fiat , Grande Punto,Manuelle,Essence,2010,160000
mégane 3,21000,Renault , Megane,Manuelle,Diesel,2010,110000
For Sale Lexus Lx570 2014,125000,Lexus , LX 570,Automatique,Essence,2014,9914
Clio 4 Dynamique 1.2L avec alarme d'origine,32200,Renault , Clio,Manuelle,Essence,2014,26000
vente passat carat,21700,Volkswagen , Passat,Manuelle,Diesel,2002,193250
Punto 3,11000,Fiat , Punto,Manuelle,Diesel,2005,139000
citroen c5 1.6 hdi,125000,Citroen , C5,Manuelle,Diesel,2012,142000
kia rio 5p,30000,Kia , Rio,Manuelle,Essence,2014,50000
Fiat Doblo 5 places,12000,Fiat , Doblo,Manuelle,Essence,2003,236000
Peugeot 407,17500,Peugeot , 407,Manuelle,Diesel,2007,170000
Avendre 205 junior,6000,Peugeot , 205,Manuelle,Essence,1990,250000
Peugeot 4007 tt option,27000,Peugeot , 4007,Automatique,Diesel,2010,115000
Polo 7 première main,22000,Volkswagen , Polo,Manuelle,Essence,2011,70000
Dame vend Clio Campus excellent état,18500,Renault , Clio,Manuelle,Essence,2010,95000
GOLF 5,22000,Volkswagen , Golf,Manuelle,Essence,2004,132
Ford Fiesta,13500,Ford , Fiesta,Manuelle,Essence,2007,114000
Renault Megane phase 2 1.5 dci boite 6,15500,Renault , Megane,Manuelle,Diesel,2006,170000
Audi A3 Sport Line,52000,Audi , A3,Manuelle,Essence,2011,95000
péugeot 106 en trés bonne état,10000,Peugeot , 106,Manuelle,Essence,1997,134000
fiat pop,24000,Fiat , Punto,Manuelle,Essence,2013,31000
golf 4 tuning,14500,Volkswagen , Golf,Manuelle,Essence,1999,270000
GOLF 6 ZERO DEFAUT 2 EMME MAIN,35200,Volkswagen , Golf,Manuelle,Diesel,2011,150000
Passat TDI première main,25000,Volkswagen , Passat,Manuelle,Diesel,2008,124000
golf 6 noir TDI BLUEMOTION,32000,Volkswagen , Golf,Manuelle,Diesel,2010,93000
une grande citroen,25000,Citroen , C5,Manuelle,Diesel,2009,123000
a vendre 206,14000,Peugeot , 206,Manuelle,Essence,2004,229000
"Passate papion 1.9 TDI 130 ps, 2 bande rouge",15500,Volkswagen , Passat,Manuelle,Diesel,2001,173000
Volkswagen Golf 2 Turbo Diesel,6800,Volkswagen , Golf,Manuelle,Diesel,1986,499000
Opel astra h état d'origine,19300,Opel , Astra,Manuelle,Essence,2007,157000
belle c4,125000,Citroen , C4,Manuelle,Essence,2012,64000
fiat scudo,125000,Fiat , Scudo,Manuelle,Diesel,2003,300000
belle megane,18000,Renault , Megane,Manuelle,Essence,2008,106000
CHEVROLET CAPTIVA 2.4,38000,Chevrolet , Captiva,Manuelle,Essence,2010,209000
bon affaire,23500,Renault , Megane,Manuelle,Diesel,2014,190000
Pugeot Bipper,17000,Peugeot , Bipper,Manuelle,Diesel,2008,143000
سيارة للبيع,19000,Chevrolet , Spark,Manuelle,Essence,2010,96000
AUDI TT,24000,Audi , TT,Manuelle,Essence,2001,79000
vente ou échange contre une voiture 4 ou 5 cv essence,16200,Opel , Astra,Manuelle,Diesel,2005,190000
clio 3 1.2 L 2011,25000,Renault , Clio,Manuelle,Essence,2011,98000
207 en excellent état,21500,Peugeot , 207,Manuelle,Diesel,2008,163500
DACIA DUSTER 4X2 ESSENCE 7CV,33000,Dacia , Duster,Manuelle,Essence,2012,62500
clio chipie en tbe tous d'origine,8000,Renault , Clio,Manuelle,Essence,1997,220000
Golf 4 TDI 1.9L 110ch,14000,Volkswagen , Golf,Manuelle,Diesel,1998,397000
Mercedes-Benz CLS 320 CDI,80000,Mercedes-Benz , CLS 320,Manuelle,Diesel,2005,250000
Renault Mégane Coupé,60000,Renault , Megane,Manuelle,Diesel,2010,40000
clio 3 phase 2,23600,Renault , Clio,Manuelle,Essence,2012,25500
Vente Kia Rio 5 Portes,31000,Kia , Rio,Manuelle,Essence,2013,23525
Ford fiesta année 2000,8600,Ford , Fiesta,Manuelle,Essence,2000,136000
Audi A4 1.8t S Line pack luxe -09,37000,Audi , A4,Manuelle,Essence,2009,10000
cause départ 407,15500,Peugeot , 407,Manuelle,Diesel,2007,170000
Opel corsa c très propre,11000,Opel , Corsa,Manuelle,Essence,2005,230000
kia rio pour location,1111,Kia , Rio,Manuelle,Essence,2011,2200000
ford fiesta ndhifa,12700,Ford , Fiesta,Manuelle,Essence,2005,174000
Citroen C3 en trés bon etat,15500,Citroen , C3,Manuelle,Essence,2007,155000
Citroen DS4 HDI,46500,Citroen , DS4,Manuelle,Diesel,2012,60000
Audi A3,39500,Audi , A3,Manuelle,Essence,2010,110000
Hyndai accent,34500,Hyundai , Accent,Manuelle,Essence,2013,31800
Citroen C3,22500,Citroen , C3,Manuelle,Diesel,2010,75500
Renault Megane,23500,Renault , Megane,Manuelle,Essence,2009,170000
Opel corsa,22500,Opel , Corsa,Manuelle,Essence,2008,120000
peugeot 205 berline,149000,Peugeot , 206,Manuelle,Essence,2007,160000
Nissan Qashqai,38000,Nissan , Qashqai,Manuelle,Diesel,2010,184000
Ford focus 1.6 l titanium en tunisie,125000,Ford , Focus,Manuelle,Essence,2013,80000
Mercedes Benz E220 CDI,73000,Mercedes-Benz , E 220,Automatique,Diesel,2009,120000
Seat Ibiza 1 ère main -12,22500,Seat , Ibiza,Manuelle,Essence,2012,120000
Suzuki Swift Sport,26500,Suzuki , Swift,Manuelle,Essence,2009,95000
Volkswagen Amarok TDI,52000,Volkswagen , Amarok,Manuelle,Diesel,2010,135000
Peugeot 308 HDI,245000,Peugeot , 308,Manuelle,Diesel,2007,218000
Audi A4 Prestige,51500,Audi , A4,Manuelle,Essence,2009,120000
Volkswagen Golf 5 TDi,23900,Volkswagen , Golf,Manuelle,Diesel,2006,120000
Volkswagen Golf 4 GTI 2.0,17900,Volkswagen , Golf,Manuelle,Diesel,1999,122000
clio bombe 5,13800,Renault , Clio,Manuelle,Essence,2002,240000
OPEL ASTRA H 2008,23000,Opel , Astra,Manuelle,Essence,2008,100000
Belle Citroën c5 toute option,37000,Citroen , C5,Manuelle,Diesel,2013,125
508 SW UNIQUE EN TUNISIE,45500,Peugeot , 508,Manuelle,Diesel,2011,159000
Isuzu Dmax,125000,Isuzu , D-Max,Manuelle,Diesel,2013,80274
KORANDO état neuf,80000,Ssangyong , Korando,Automatique,Diesel,2014,10000
Peugeot 3008 toute options,58000,Peugeot , 3008,Automatique,Diesel,2012,110000
grande punto,18000,Fiat , Grande Punto,Manuelle,Essence,2010,105
Une belle Fiat Siena,12800,Fiat , Sienna,Manuelle,Essence,2006,230000
BMW 316 d sport,55500,BMW , 316,Manuelle,Diesel,2011,1200000
Ford escort rs 1600i ghia 1983,6800,Ford , Escort,Manuelle,Essence,1983,170000
Fiat Grande Punto en bon état,19000,Fiat , Grande Punto,Manuelle,Essence,2012,80000
megane classique en TBE,18500,Renault , Megane,Manuelle,Essence,2007,123000
PEUGEOT EXPERT,12500,Peugeot , Expert,Manuelle,Diesel,2008,300000
Golf 3,12500,Volkswagen , Golf,Manuelle,Diesel,1995,120000
Audi A3 coupé 1.6,14000,Audi , A3,Manuelle,Essence,1998,290000
A vendre POLO6,16000,Volkswagen , Polo,Manuelle,Essence,2006,260000
belle voiture,13500,Chevrolet , Aveo,Manuelle,Essence,2008,99000
Fiat Siena Fire très économique,10500,Fiat , Sienna,Manuelle,Essence,2008,180000
kia rio noir,28300,Kia , Rio,Manuelle,Essence,2013,30000
Opel Astra G,14300,Opel , Astra,Manuelle,Essence,2003,220000
une belle nissan,25500,Nissan , Micra,Manuelle,Essence,2014,18000
407 forsa,18000,Peugeot , 407,Manuelle,Diesel,2007,220000
mitsubitchi pajero sport à vendre,25000,Mitsubishi , Pajero,Manuelle,Diesel,2001,400000
mitsubishi pajero sport occasion,25000,Mitsubishi , Pajero,Manuelle,Diesel,2001,400000
Jetta Ndhifa,23000,Volkswagen , Jetta,Manuelle,Essence,2008,161000
peugeot 206,13000,Peugeot , 206,Manuelle,Essence,2003,234000
Citroen C5 Noir Deux Litres,25000,Citroen , C5,Manuelle,Diesel,2010,148000
audi A4,46000,Audi , A4,Automatique,Essence,2010,120000
ras,25000,Citroen , C3,Manuelle,Essence,2012,50000
POLO7 NEUVE NE PAS LAISSER S'ECHAPER!!!,28000,Volkswagen , Polo,Manuelle,Essence,2013,5000
polo 3 base 05 cv essence,8500,Volkswagen , Polo,Manuelle,Essence,1998,250000
A vendre Polo 3,8500,Volkswagen , Polo,Manuelle,Essence,1996,295000
BMW 116i tt option,42000,BMW , 116,Manuelle,Essence,2009,180000
MAREA TBE,9000,Fiat , Marea,Manuelle,Essence,2001,179000
peugeot 2008 allure,44000,Peugeot , Autres,Manuelle,Essence,2014,24000
Vends Opel Meriva,24000,Opel , Meriva,Manuelle,Essence,2005,30000
mégane 1ére main,16800,Renault , Coupe,Manuelle,Diesel,2006,200000
passat carrat salon cuir beige,20000,Volkswagen , Passat,Manuelle,Essence,2003,153000
mazda 323,7800,Mazda , 323,Manuelle,Essence,1997,186000
Peugeot 205,8300,Peugeot , 205,Manuelle,Essence,1999,130
Vente polo 3,8800,Volkswagen , Polo,Manuelle,Essence,1998,340000
Audi A4,39000,Audi , A4,Manuelle,Essence,2010,129000
RENAULT GRAND SCENIC BOSE EDITION FULL OPTIONS,51350,Renault , Grand Scenic,Manuelle,Diesel,2011,186500
VENTE TAXI,22000,Peugeot , 301,Manuelle,Diesel,2014,160000
A Vendre Une Jolie Clio Importé de L'Italie,40000,Renault , Clio,Manuelle,Essence,2015,1700
Jetta a vendre,28000,Volkswagen , Jetta,Manuelle,Essence,2010,150000
excellente Peugeot 206 gris,11800,Peugeot , 206,Manuelle,Essence,2001,197000
renault trafic,5500,Renault , Trafic,Manuelle,Diesel,1993,500
SEAT IBIZA Blanche,21600,Seat , Ibiza,Manuelle,Essence,2014,83000
Polo 7 1.4,26000,Volkswagen , Polo,Manuelle,Essence,2011,90000
chevrolet aveo,16500,Chevrolet , Aveo,Manuelle,Essence,2009,120000
ford fiesta,12500,Ford , Fiesta,Manuelle,Essence,2004,209972
FORD FIESTA a vendre,15000,Ford , Fiesta,Manuelle,Essence,2005,112000
VOITURE R18,8500,Renault , R 18,Manuelle,Diesel,1985,117000
A vendre clio classic,14500,Renault , Clio,Manuelle,Essence,2008,163000
"Ford KA Titanium de 2012, première main",22000,Ford , Ka,Manuelle,Essence,2012,46700
KIA RIO,17500,Kia , Rio,Manuelle,Essence,2010,180000
Golf 4 1.9 tdi pour handicape,8000,Volkswagen , Golf,Manuelle,Diesel,2003,164000
polo7,18000,Volkswagen , Polo,Manuelle,Essence,2011,200000
a vendre,15500,Volkswagen , Passat,Manuelle,Essence,2000,345000
opel corsa c,9900,Opel , Corsa,Manuelle,Essence,2002,161000
ford fiesta titanium,29000,Ford , Fiesta,Manuelle,Essence,2012,35000
fiat palio 2 a ne pas rater,16800,Fiat , Palio,Manuelle,Essence,2010,69000
bonne occation pour es sérieux,12800,Peugeot , 206,Manuelle,Essence,2003,226400
A Vendre Mistsubishi L200 En très bon état,23000,Mitsubishi , L200,Manuelle,Diesel,2010,240000
Kia Rio toutes options,18400,Kia , Rio,Manuelle,Essence,2010,88500
Kia Rio,18000,Kia , Rio,Manuelle,Essence,2010,105000
Vente Voiture de marque SUZUKI R+,11000,Suzuki , Wagon R,Manuelle,Essence,1999,333
dacia duster 4*4 importée,35000,Dacia , Duster,Manuelle,Diesel,2010,145000
206 ne pas rater,13500,Peugeot , 206,Manuelle,Essence,2003,235000
Renault Clio 3 Imortè de Allemagne Dedouanè,25600,Renault , Clio,Manuelle,Essence,2011,74000
Mercedes E 220 Diesel Type 210,125000,Mercedes-Benz , E 220,Manuelle,Diesel,2000,227500
Audi a3 8L 1.8T 180 cv ambition,19800,Audi , A3,Manuelle,Essence,2001,265000
Dacia logan van 2places,18000,Dacia , Logan,Manuelle,Diesel,2011,68700
fiat punto II blanche essence,10500,Fiat , Punto,Manuelle,Essence,2001,272000
bonne ocasion,14000,Peugeot , 206,Manuelle,Essence,2004,247000
A vendre Audi A4 noir Bonne éta,27500,Audi , A4,Manuelle,Diesel,2007,160
belle nissan,31500,Nissan , X-Trail,Manuelle,Diesel,2010,80
a vendre,16500,Renault , ZOE,Manuelle,Diesel,2012,100
NISSAN TERRANO2 2.7TDI,10000,Nissan , Terrano,Manuelle,Diesel,1997,350000
golf III SEN PAPIY TOUTE OPITOIN TOU DORIGIN FIRAY,6000,Volkswagen , Golf,Manuelle,Essence,1998,180000
POLO 3 - Trés bon état,8900,Volkswagen , Polo,Manuelle,Essence,1997,211000
Punto Propre,9800,Fiat , Punto,Manuelle,Essence,1998,280000
Ford fiesta,14000,Ford , Fiesta,Manuelle,Essence,2005,167000
Grande Punto 5cv essence,17000,Fiat , Grande Punto,Manuelle,Essence,2009,78000
Fiat Punto Evo toute neuve,17500,Fiat , Punto Evo,Manuelle,Essence,2011,80000
A vendre Caddy en très bon état,26000,Volkswagen , Caddy,Manuelle,Diesel,2011,72000
Une Jolie C4 neufe,23000,Citroen , C4,Manuelle,Essence,2009,143000
Kia Rio,31500,Kia , Rio,Manuelle,Essence,2014,24000
Clio bombe,10800,Renault , Clio,Manuelle,Essence,1998,230000
OCCASION,12300,Volkswagen , Polo,Manuelle,Essence,2003,131000
smart,18000,Smart , ForTwo,Automatique,Essence,2005,105000
Clio 3 montage français très bien entretenue,23000,Renault , Clio,Manuelle,Essence,2010,88000
Symbol première main,20500,Renault , Symbol,Manuelle,Essence,2013,42000
clio 4,30000,Renault , Clio,Manuelle,Essence,2014,16000
Fiat uno fire climatiser 2005,9500,Fiat , Uno,Manuelle,Essence,2005,160000
Opel kadett moteur noir,6200,Opel , Kadett,Manuelle,Essence,1990,500000
Ford Fiesta 1.2Essence,13850,Ford , Fiesta,Manuelle,Essence,2005,100000
KIA RIO 2011,22000,Kia , Rio,Manuelle,Essence,2011,74000
307 essence année 2001,12000,Peugeot , 307,Manuelle,Essence,2001,187000
golf 7 TDI highline bande rouge importee,49900,Volkswagen , Golf,Manuelle,Diesel,2014,20300
Cause Depart,26800,BMW , X5,Automatique,Essence,2001,180000
C3 HDI,16800,Citroen , C3,Manuelle,Diesel,2008,106000
Clio Classic,12500,Renault , Clio,Manuelle,Essence,2001,71000
AV AUDI A4,65000,Audi , A4,Automatique,Essence,2011,90000
Passat pour handicapés,13000,Volkswagen , Passat,Automatique,Diesel,2001,215000
CLS 350 coupé pack sport 7g tronic,162000,Mercedes-Benz , CLS 350,Automatique,Essence,2011,80000
Clio classic série 122,11500,Renault , Clio,Manuelle,Essence,2006,196850
Polo 6 en très bon état,16800,Volkswagen , Polo,Manuelle,Essence,2009,82000
voiture tout neuf,20500,Chevrolet , Aveo,Manuelle,Essence,2013,91000
Peugeot 206 noire,10000,Peugeot , 206,Manuelle,Essence,2000,210000
Clio classic bon etat,13000,Renault , Clio,Manuelle,Essence,2003,195000
Fiat Punto Classic,18400,Fiat , Punto,Manuelle,Essence,2011,220000
Volkswagen Bora TDI 1.9 du Golf,16500,Volkswagen , Bora,Manuelle,Diesel,2002,350000
Toyata hilux 3l invincible ttes options,95000,Toyota , Hilux,Automatique,Diesel,2012,80000
LIRE BIEN CIVOUPLE CARTE GRIZE LEVE,6000,Volkswagen , Golf,Manuelle,Essence,1997,190000
golf6 tdi,33000,Volkswagen , Golf,Manuelle,Diesel,2010,97000
Fiat siena essence tout option,12500,Fiat , Sienna,Manuelle,Essence,2006,200000
3008 ESSENCE toute options en très bon état,35000,Peugeot , 3008,Manuelle,Essence,2011,100000
Mercedes E200 CGI coupé (Kit AMG) model 2014,140000,Mercedes-Benz , E 200,Automatique,Essence,2013,38600
vente,11200,Volkswagen , Polo,Manuelle,Essence,2000,199000
Peugeot 307 très propre,14500,Peugeot , 307,Manuelle,Essence,2001,285000
golf6 tdi,33000,Volkswagen , Golf,Manuelle,Diesel,2011,97000
Fiat siena tout option,13000,Fiat , Sienna,Manuelle,Essence,2006,230000
NISSAN Qashqai connect edition 1.6 DCI (130 FAP) AM,63000,Nissan , Qashqai,Manuelle,Diesel,2012,130000
av clio accidentée 98332363,4500,Renault , Coupe,Automatique,Diesel,2006,25000
opel corsa swing,9500,Opel , Corsa,Manuelle,Essence,2000,204000
fiat punto,11300,Fiat , Punto,Manuelle,Essence,1999,164000
Renault Fluence,28700,Renault , Fluence,Manuelle,Essence,2011,95000
A4 TDI 2004,22000,Audi , A4,Manuelle,Diesel,2004,300000
Grand i10,27000,Hyundai , i10,Manuelle,Essence,2014,7300
golf 4 gris,19000,Volkswagen , Golf,Manuelle,Essence,2002,152451
c3 FURIO 2009,18000,Citroen , C3,Manuelle,Essence,2009,60000
Belle C5 importée de la France,35500,Citroen , C5,Automatique,Diesel,2012,145000
ford fiesta,15900,Ford , Fiesta,Manuelle,Essence,2008,124000
avendre ou echange,12000,Renault , Scenic,Manuelle,Diesel,2005,220000
golf III SEN PAPIY TOUTE OPITOIN TOU DORIGIN,6002,Volkswagen , Golf,Manuelle,Essence,1999,200
Toyota RAV 4,22000,Toyota , RAV 4,Manuelle,Essence,2001,139000
Fiat Punto Classic,14500,Fiat , Punto,Manuelle,Essence,2008,135000
Belle Ford Fiesta,12300,Ford , Fiesta,Manuelle,Essence,2004,310000
golf III SEN PAPIY TOUTE OPITOIN TOU DORIGIN,6000,Volkswagen , Golf,Manuelle,Essence,1998,200
A Vendre C3 Essence 1.2 // 125 000 KM,16500,Citroen , C3,Manuelle,Essence,2008,125000
clio nadifa barcha,21500,Renault , Clio,Manuelle,Essence,2008,550000
occasion à ne pas rater Mitsubishi pajero,14000,Mitsubishi , Pajero,Manuelle,Diesel,1994,500000
Polo6,16000,Volkswagen , Polo,Manuelle,Essence,2006,160000
kia rio,27000,Kia , Rio,Manuelle,Essence,2012,67000
Fiat Sienna,13500,Fiat , Sienna,Manuelle,Essence,2015,250000
406 hdi 6cv,15000,Peugeot , 406,Manuelle,Diesel,2000,227000
a vendre kia,17000,Kia , Rio,Manuelle,Essence,2010,150000
Ford FOCUS,25000,Ford , Focus,Manuelle,Essence,2012,950000
Clio Compus 3 portes,16500,Renault , Clio,Manuelle,Essence,2007,280000
Golf 6 noir 1.4 Trendline,27500,Volkswagen , Golf,Manuelle,Essence,2010,128000
Clio Bombé,13000,Renault , Clio,Manuelle,Diesel,2002,160000
opel astra g,12800,Opel , Astra,Manuelle,Essence,2001,230000
A vendre Renault Fluence / SAMSUNG SM3 neuve 877Kms,21000,Renault , Fluence,Automatique,Essence,2015,877
land rover,75000,Land Rover , Range Rover Sport,Automatique,Diesel,2010,130000
megane classique essence,14500,Renault , Megane,Manuelle,Essence,2005,180000
Partner HDI tres propre,18500,Peugeot , Partner,Manuelle,Diesel,2009,79000
Polo5 nouveau moteur FR,12990,Volkswagen , Polo,Manuelle,Essence,2004,35000
tres belle c3,18800,Citroen , C3,Manuelle,Essence,2011,93200
golf III SEN PAPIY TOUTE OPITOIN TOU DORIGIN,6000,Volkswagen , Golf,Manuelle,Essence,1997,170
Belle GOLF5 TDI,21000,Volkswagen , Golf,Manuelle,Diesel,2004,273000
Ford break 1.6 L,9500,Ford , Mondeo,Manuelle,Essence,1997,206000
C est une allemande mercedes benz C180,59500,Mercedes-Benz , C 180,Automatique,Essence,2010,55000
Je vends ma superbe MINI cooper Sport S,30000,MINI , Cooper S,Manuelle,Essence,2008,95000
ford escort tte option a vendre,9800,Ford , Escort,Manuelle,Essence,1997,200000
ford escorte tte option a vendre,9800,Ford , Escort,Manuelle,Essence,1997,193000
A vendre belle nissan qashqai 1.5 dci,43000,Nissan , Qashqai,Manuelle,Diesel,2010,150000
New Beetle essance Confort Line TBE,17000,Volkswagen , New Beetle,Manuelle,Essence,2001,200000
Ford fiesta titanium,22500,Ford , Fiesta,Manuelle,Essence,2010,122000
VENDS PEUGEOT PARTNER TEPEE,35000,Peugeot , Partner Tepee,Manuelle,Diesel,2011,77000
Clio bombé montage français,11500,Renault , Clio,Manuelle,Essence,1999,202000
polo 5 bon état,10300,Volkswagen , Polo,Manuelle,Essence,2004,250000
Renault clio classic,12000,Renault , Clio,Manuelle,Essence,2003,242000
Peugeot 207sw,22000,Peugeot , 207,Manuelle,Diesel,2008,186000
"FIAT 500C ABARTH ""la bombinetta""",48000,Fiat , 500C,Automatique,Essence,2011,60000
BELLE BMW 316,125000,BMW , 316,Manuelle,Essence,1987,268000
BONNE OCCASION,17500,Kia , Rio,Manuelle,Essence,2010,137000
Nissan Navara RS,125000,Nissan , Navara,Manuelle,Diesel,2009,110000
BMW 316i coupé,65000,BMW , 316,Manuelle,Essence,2013,32000
golf III SEN PAPIY TOUTE OPITOIN TOU DORIGIN FIRAY,6000,Volkswagen , Golf,Manuelle,Essence,1997,170000
Fiat Punto 1.3 Multijet 4cv,13500,Fiat , Punto,Manuelle,Diesel,2005,200000
Trés belle Fiesta,13600,Ford , Fiesta,Manuelle,Essence,2005,200000
Megane 3 dci,125000,Renault , Megane,Manuelle,Diesel,2011,192000
C4 EN BON ETAT,20500,Citroen , C4,Manuelle,Diesel,2007,178000
golf III SEN PAPIY TOUTE OPITOIN TOU DORIGIN,6000,Volkswagen , Golf Plus,Manuelle,Essence,1998,180000
polo 6 2007,14000,Volkswagen , Polo,Manuelle,Essence,2007,135000
chevrolet aveo 2013,19800,Chevrolet , Aveo,Manuelle,Essence,2013,64000
TRES PROPRE FORD FOCUS2 LIMOUSINE,18000,Ford , Focus,Manuelle,Essence,2006,150000
golf4 ndhifa barcha,13700,Volkswagen , Golf,Manuelle,Essence,2001,180000
golf firay toute opitoin partoute dorigin année 1997,6000,Volkswagen , Golf,Manuelle,Essence,1997,180
citroen berlingo multiespace,34000,Citroen , Berlingo,Manuelle,Diesel,2015,93000
belle voiture essenec 6 cv,6000,Volkswagen , Golf,Manuelle,Essence,1997,170000
Citroen Berlingo,25000,Citroen , Berlingo,Automatique,Diesel,2012,160000
Peugeot 308 SW break,28000,Peugeot , 308,Manuelle,Diesel,2011,120000
golf firay toute opitoin partoute dorigin année 1997,6000,Volkswagen , Golf Plus,Manuelle,Essence,1997,170000
Citroen jumpy 2 FG 1000 L1H1 HDI90 CONFORT,25000,Citroen , Jumpy,Manuelle,Diesel,2011,90237
C4 en bon état,19500,Citroen , C4,Manuelle,Essence,2007,130000
Volkswagen Jetta 1.9 TDI 105 ch Confort,25000,Volkswagen , Jetta,Manuelle,Diesel,2006,236000
A ne pas rater Renault Symbol ...,17500,Renault , Symbol,Manuelle,Essence,2009,97500
Mercedes C 220 CDI,47000,Mercedes-Benz , C 220,Automatique,Diesel,2009,160000
Volkswagen Golf 3 Essence,13200,Volkswagen , Golf,Manuelle,Essence,1994,350000
Passât essence,14900,Volkswagen , Passat,Manuelle,Essence,1999,244881
206 première main,17800,Peugeot , 206,Manuelle,Essence,2009,78000
Mitsubishi pajero 2800 cc,125000,Mitsubishi , Pajero,Manuelle,Diesel,1999,260000
A VENDRE TRES BELLE GOLF 6 IMPORTEE D ALLEMAGNE SERIE 175,33200,Volkswagen , Golf,Manuelle,Essence,2010,71500
Passat6 tdi 1.9,29000,Volkswagen , Passat,Manuelle,Diesel,2007,200000
c4 coupé phase 2,20000,Citroen , C4,Manuelle,Essence,2009,140000
BMW X3 XDrive18D,84000,BMW , X3,Manuelle,Diesel,2010,155000
ford fiesta 5ch,16000,Ford , Fiesta,Manuelle,Essence,2008,190000
Peugeot 207 essence,18500,Peugeot , 207,Manuelle,Essence,2007,136000
GOLF 6 ALLEMAGNE - AFFAIRE,38000,Volkswagen , Golf,Manuelle,Essence,2011,49000
Golf 2,7500,Volkswagen , Golf,Manuelle,Essence,1990,330000
c3 avendre,18800,Citroen , C3,Manuelle,Essence,2011,90000
vente une voiture,17000,Volkswagen , Polo,Manuelle,Essence,2007,145000
a vendre,18000000,Opel , Vivaro,Automatique,Diesel,2008,147000
A NE PAS RATER,28000,Volkswagen , Jetta,Manuelle,Essence,2010,160000
nissan navara,55000,Nissan , Navara,Manuelle,Diesel,2012,56000
GOLF TROIS BREAK,9800,Volkswagen , Golf,Manuelle,Essence,1995,185000
mercedes 290 E toute opitoin diesel,22500,Mercedes-Benz , 290,Manuelle,Diesel,1998,250000
mercedes 290 E toute opitoin diesel,22500,Mercedes-Benz , 290,Manuelle,Diesel,1998,250000
golf firay toute opitoin partoute dorigin année 1997,6000,Volkswagen , Golf,Manuelle,Essence,1997,170000
GOLF 7 TDI Bleumotion,52000,Volkswagen , Golf,Manuelle,Diesel,2013,63000
berlingo,15500,Citroen , Berlingo,Manuelle,Diesel,2010,131000
Citroën BERLINGO MULTISPACE B9,27000,Citroen , Berlingo,Manuelle,Diesel,2011,197000
vente ou echange,19000,Renault , Megane,Manuelle,Essence,2008,950000
Vente voiture MEGANE,14800,Renault , Megane,Manuelle,Essence,2003,135000
A vendre Ford Fiesta,15500,Ford , Fiesta,Manuelle,Essence,2008,148000
ford sierra essenec tou dorigin,2500,Ford , Sierra,Manuelle,Essence,1986,5400000
golf 6 confortline bluemotion 1.6 tdi 105 cv GPS JANTES RADAR,39500,Volkswagen , Golf,Manuelle,Diesel,2011,111000
Une ds3 sport chic,35000,Citroen , DS3,Manuelle,Essence,2012,110000
renault r19 europa,5200,Renault , R 19,Manuelle,Essence,1993,330000
peugeot 306 essence,7000,Peugeot , 306,Manuelle,Essence,1997,160000
Clio Chipie,6500,Renault , Clio,Manuelle,Essence,1996,178000
Dacia Sandero 1.2 L,24200,Dacia , Sandero,Manuelle,Essence,2013,17000
Belle c4 importé,35000,Citroen , C4,Manuelle,Diesel,2011,143000
a vendre infiniti bonne eta,43000,Infiniti , FX,Manuelle,Essence,2007,135000
staffet R21,2700,Renault , R 21,Manuelle,Diesel,2010,1000000
chevrolet Aveo,12800,Chevrolet , Aveo,Manuelle,Essence,2006,106000
Fiat Grande Punto Rouge,16300,Fiat , Grande Punto,Manuelle,Essence,2010,145000
Megane 1.5 dci diesel -04,13500,Renault , Megane,Manuelle,Diesel,2004,150000
golf 1,2800,Volkswagen , Golf,Manuelle,Essence,1981,124000
voiture,14000,Renault , Clio,Manuelle,Essence,2002,259000
Twingo II,21000,Renault , Twingo,Manuelle,Essence,2011,80000
Renault laguna 2,10500,Renault , Laguna,Manuelle,Diesel,2002,350000
CLIO BON ETAT,11000,Renault , Clio,Manuelle,Essence,2001,250000
407,17000,Peugeot , 407,Automatique,Diesel,2006,140000
polo 7 première main,22000,Volkswagen , Polo,Manuelle,Essence,2010,70000
Renault Symbole,17500,Renault , Symbol,Manuelle,Essence,2009,87620
PEUGEOT 308 Importé,25500,Peugeot , 308,Manuelle,Diesel,2009,94000
une belle mégane 3,27000,Renault , Megane,Manuelle,Essence,2009,123000
à vendre ou echanger,125000,Mercedes-Benz , 200,Manuelle,Diesel,2008,200000
ML 270 CDI à vendre,22000,Mercedes-Benz , ML 270,Automatique,Diesel,2000,295000
une tres belle voiture,26500,Volvo , S60,Automatique,Essence,2006,170000
"Dame vend Opel Agila 5 CV Climatisée, très peu utilisée,importée de France,première main,essence.",16500,Opel , Agila,Manuelle,Essence,2004,80000
PEUGEOT 508 TTES OPTIONS ET TRES PROPRE,42500,Peugeot , 508,Manuelle,Diesel,2012,131000
Polo 5 - Confort Line,12600,Volkswagen , Polo,Manuelle,Essence,2002,75000
golf 6 05 cv essence 02 ans 36000km 38000dt tel 22314353,38000,Volkswagen , Golf,Manuelle,Essence,2010,26300
POLO 4 TDI,11500,Volkswagen , Polo,Manuelle,Diesel,2001,130000
golf 6 break edition bluemotions,42000,Volkswagen , Golf,Manuelle,Diesel,2012,188000
KIA PICANTO TUNIS 173 AYMEN,27000,Kia , Picanto,Automatique,Essence,2014,4000
RENAULT SYMBOL 152 GRIS,16650,Renault , Symbol,Manuelle,Essence,2011,120001
ALFA ROMEO 147,28500,Alfa Romeo , Alfa 145,Manuelle,Essence,2004,171000
Audi Q7 Trés bonne état,70000,Audi , Q7,Automatique,Essence,2006,140000
ALFA ROMEO 147,31000,Alfa Romeo , Alfa 147,Manuelle,Essence,2003,112000
megane casquette 5cv DCI,10000,Renault , Megane,Manuelle,Diesel,2003,222000
volkswagen CADDY,18000,Volkswagen , Caddy,Manuelle,Diesel,2009,20000
vendre une voiture en bonne etat,5200,Volkswagen , Polo,Manuelle,Essence,1991,280000
Ford Focus à ne pas rater,14000,Ford , Focus,Manuelle,Essence,2004,169000
vente,38000,Chevrolet , Cruze,Manuelle,Essence,2014,6000
ford fiesta,4500,Ford , Fiesta,Manuelle,Essence,1998,149000
Renault Fluence 1.5 DCI Diesel 6 CV,30000,Renault , Fluence,Manuelle,Diesel,2012,81000
407 1.6 hdi,19000,Peugeot , 407,Manuelle,Diesel,2007,170000
Ssangyong Rexton 2 II 270 XVT GRAND LUXE - immatriculée en RS,24000,Ssangyong , REXTON,Automatique,Diesel,2007,157000
BMW X1 28I xdrive,100000,BMW , X1,Automatique,Essence,2012,42000
"VW Passat trendline, essence, en très bon état",33000,Volkswagen , Passat,Manuelle,Essence,2008,140000
peugeot 106,9000,Peugeot , 106,Manuelle,Essence,1998,236000
belle 107,19000,Peugeot , 107,Manuelle,Essence,2010,54000
308 Diesel 1ere main,23300,Peugeot , 308,Manuelle,Diesel,2009,144000
citroen grand c4 picasso ( 7 places ),42000,Citroen , Grand C4 Picasso,Manuelle,Diesel,2012,87000
belle nissan murano - tout option,39000,Nissan , Murano,Manuelle,Essence,2007,185000
Une belle 307,16500,Peugeot , 307,Manuelle,Essence,2006,108000
nissan qashqai,36000,Nissan , Qashqai,Manuelle,Diesel,2008,180000
OPEL ASTRA H,20000,Opel , Astra,Manuelle,Diesel,2006,160000
a vendre,25000,Peugeot , 407,Manuelle,Diesel,2009,216000
Citroën C4 1.4 i 16v Pack confort II avril 2009,23300,Citroen , C4,Manuelle,Essence,2009,123000
Partner HDI,20500,Peugeot , Partner,Manuelle,Diesel,2008,153000
Golf 4 TDI,16000,Volkswagen , Golf,Manuelle,Diesel,1998,420000
Mercedes-Benz ML 350 Black Pack Luxe/Sport,70000,Mercedes-Benz , ML 350,Automatique,Essence,2006,110000
DMAX 4P LS,51000,Isuzu , D-Max,Manuelle,Diesel,2011,10900
polo 5 en bonne état,11000,Volkswagen , Polo,Manuelle,Essence,2004,145000
"Av Passat TDI , 6 CV.1ere main,noire et intérieur cuir beige ,Pack luxe, confort line.",32000,Volkswagen , Passat,Manuelle,Diesel,2006,150000
Fiat punto 1,7700,Fiat , Punto,Manuelle,Essence,1999,210000
fiat palio,8900,Fiat , Palio,Manuelle,Essence,2000,198000
Mercedes Benz 190,9000,Mercedes-Benz , 190,Manuelle,Diesel,1987,320000
volkswagen touran bluemotion 1.6,50000,Volkswagen , Touran,Manuelle,Diesel,2011,100000
une tres belle 206,13000,Peugeot , 206,Manuelle,Essence,2003,141000
fiat doblo,10500,Fiat , Doblo,Manuelle,Essence,2002,192937
air bac,1400,Mazda , 6,Automatique,Electrique,2010,100000
Peugeot 505 break,6800,Peugeot , 505,Manuelle,Diesel,1990,1000000
CITROEN C5 en très bonne etat,29000,Citroen , C5,Manuelle,Diesel,2008,157000
Ford fiesta ghia propre,9800,Ford , Fiesta,Manuelle,Essence,2000,176000
ix35 1.7 CRDi Pack Premium UNIQUE SERIE 174,65000,Hyundai , ix35,Manuelle,Diesel,2011,160000
golf,22000,Volkswagen , Golf,Manuelle,Essence,2005,166000
AVENRE,17800,Renault , Symbol,Manuelle,Essence,2009,45000
peugeot 505 break,6800,Peugeot , 505,Manuelle,Diesel,1990,1000000
Fiat Palio II Ex Fire 16 v,125000,Fiat , Palio,Manuelle,Essence,2003,320000
Kia cerato beige 5ans,23500,Kia , Cerato,Manuelle,Essence,2010,43000
OFFRE INTERESSANTE,14500,Renault , Laguna,Manuelle,Essence,1997,176600
206 +,21000,Peugeot , 206,Manuelle,Essence,2012,61700
r5 poinçonnée 600dt,600,Renault , R 5,Manuelle,Essence,1983,250000
voiture,11000,Fiat , Punto,Manuelle,Essence,2009,214000
Belle Peugeot 107,16000,Peugeot , 107,Manuelle,Essence,2009,165000
belle 206 montage française,14800,Peugeot , 206,Manuelle,Essence,2005,100000
golf 6,38000,Volkswagen , Golf,Manuelle,Diesel,2012,130000
Megane coupé 27 500,27500,Renault , Megane,Manuelle,Essence,2010,145000
Renault grand scenic 2 1 9 dci 130 ch din privilég,21000,Renault , Scenic,Manuelle,Diesel,2005,230000
206 gris,10500,Peugeot , 206,Manuelle,Essence,2002,80000
AUDI A 3 S line,55000,Audi , A3,Manuelle,Diesel,2010,89000
a vendre 207,26000,Peugeot , 207,Manuelle,Essence,2010,85000
KIA RIO,125000,Kia , Rio,Manuelle,Essence,2010,182000
OPEL CORSA SWING 1.0,8500,Opel , Corsa,Manuelle,Essence,2000,147011
Bmw 335 xi 2013 de canada 120000 dinars,120000,BMW , 335,Automatique,Essence,2013,11000
BMW E36,6000,BMW , 316,Manuelle,Essence,1995,316000
belle polo 6,15300,Volkswagen , Polo,Manuelle,Essence,2007,107800
belle c4 noir toutes option,29000,Citroen , C4,Manuelle,Essence,2011,59000
Fiat linea Bonne Occasion à Hammamet,19000,Fiat , Linea,Manuelle,Essence,2009,74300
Mercedes C220 diesel,32000,Mercedes-Benz , 220,Manuelle,Diesel,2004,151000
Golf 6 trend blanc,31000,Volkswagen , Golf,Manuelle,Essence,2009,130
Seat juste 37400 Km,22250,Seat , Ibiza,Manuelle,Essence,2010,37400
Megane scenic 2,15500,Renault , Megane,Manuelle,Diesel,2004,189000
CLIO 5,13000,Renault , Clio,Manuelle,Essence,2002,250000
fiat doblo,24000,Corvette , Autres,Manuelle,Essence,2008,45000
la belle Accent GLS 2012,32000,Hyundai , Accent,Manuelle,Essence,2012,45000
Dmax neuve,58000,Isuzu , D-Max,Manuelle,Diesel,2013,20000
clio 5,11700,Renault , Clio,Manuelle,Essence,2002,270000
polo 5,11600,Volkswagen , Polo,Manuelle,Essence,2004,148000
2008 Volkswagen Touareg R-LINE 3.0 TDI,115000,Volkswagen , Touareg,Automatique,Diesel,2008,87100
C5 1.6 HDI,26500,Citroen , C5,Manuelle,Diesel,2008,135000
Golf 6 TDI,43000,Volkswagen , Golf,Manuelle,Diesel,2011,87000
Fiat Grande Punto - diesel,22000,Fiat , Grande Punto,Manuelle,Diesel,2008,50000
Golf 5 - Bon Etat,22000,Volkswagen , Golf,Manuelle,Essence,2004,195000
A be pas rater une jeep Cherokee importée des USA,30000,Jeep , Cherokee,Automatique,Diesel,2006,110000
voiture 206 essence bon état 4 chevaux,15000,Peugeot , 206,Manuelle,Essence,2006,79000
Belle Passat diesel économique et puissante,18000,Volkswagen , Passat,Manuelle,Diesel,2001,177000
Peugeot noir break 308,32000,Peugeot , 308,Manuelle,Diesel,2012,156000
golf 7 importée,46900,Volkswagen , Golf,Manuelle,Essence,2013,18880
POLO 6 5 CV,16000,Volkswagen , Polo,Manuelle,Essence,2007,710000
Av golf 5 bleu motion,31000,Volkswagen , Golf,Manuelle,Diesel,2008,360000
206,13600,Peugeot , 206,Manuelle,Essence,2005,195000
Golf 4 1.4 essence,17700,Volkswagen , Golf,Manuelle,Essence,2001,181500
NISSAN XTRAIL,35000,Nissan , X-Trail,Manuelle,Diesel,2008,10000
BMW E34 525 TDS phase 2 confortline,125000,BMW , 525,Manuelle,Diesel,1994,4000
407 ndhifa Forca,22000,Peugeot , 407,Manuelle,Diesel,2009,200000
Vend Audi Q7 3.0 TDI Sline,105000,Audi , Q7,Automatique,Diesel,2007,130000
Ford Fiesta Titanium 2010,23000,Ford , Fiesta,Manuelle,Essence,2011,31000
polo 3 a vendre,8500,Volkswagen , Polo,Manuelle,Essence,1998,226000
peugeot 3008,42000,Peugeot , 3008,Manuelle,Diesel,2011,115000
"occasion a ne pas rater,a vendre Mégane II classic à Gabes",19000,Renault , Megane,Manuelle,Essence,2008,135000
voiture toute neuve,28000,Peugeot , 208,Manuelle,Diesel,2012,16000
vente voiture,15000,Renault , Scenic,Manuelle,Diesel,2003,131000
AUDI Q5,65000,Audi , Q5,Automatique,Diesel,2012,57000
BMW 525D,41000,BMW , 525,Automatique,Diesel,2005,233000
Mercedes 4 phares E210 diesel,17300,Mercedes-Benz , E 220,Manuelle,Diesel,1997,250000
Opel astra H 1.7 CDTI,19000,Opel , Astra,Manuelle,Diesel,2009,200000
bonne occasion,11500,Volkswagen , Polo,Manuelle,Essence,2004,140000
"Full option, très bon état, disponible tout de suite",21500,Fiat , Grande Punto,Manuelle,Essence,2010,78000
"Volkswagen Golf 6 TDI 1.6 Comfortline, Navi tactile, Alu, Parktronic",40000,Volkswagen , Golf,Manuelle,Diesel,2010,68000
Renault mégane prmiére main,21000,Renault , Megane,Manuelle,Essence,2007,83000
Renault mégane prmiére main,21000,Renault , Megane,Manuelle,Essence,2007,83000
ford fiasta,6000,Ford , Fiesta,Manuelle,Diesel,1993,320000
Peugeot 308 féline 1.6hdi bvm6,21800,Peugeot , 308,Manuelle,Diesel,2008,109000
Bonne occasion,12000,Ford , Focus,Manuelle,Essence,2004,239000
Trés belle chevrolet trailblazer,37000,Chevrolet , Trailblazer,Automatique,Essence,2004,64000
polo 5 essence 4 CV,10500,Volkswagen , Polo,Manuelle,Essence,2004,186000
Megane 2 Casquette,19000,Renault , Megane,Manuelle,Essence,2007,67000
C3 tonic 4cylindres full options,125000,Citroen , C3,Manuelle,Essence,2012,60000
peugeot partner gris métalisé,10500,Peugeot , Partner,Manuelle,Diesel,2000,280000
Symbol,27000,Renault , Symbol,Manuelle,Essence,2014,9600
polo5 1.2 a vendre,12800,Volkswagen , Polo,Manuelle,Essence,2004,170
Polo 7 tdi 4cylindres importée de france,25000,Volkswagen , Polo,Manuelle,Diesel,2010,89000
belle polo 7 gris charbon neuf,25500,Volkswagen , Polo,Manuelle,Essence,2013,36000
très belle polo 7 blanche comme neuf,25500,Volkswagen , Polo,Manuelle,Essence,2013,38000
A4 TDI,29000,Audi , A4,Manuelle,Diesel,2005,200000
polo6 climatisée,14000,Volkswagen , Polo,Manuelle,Essence,2007,183000
KIA PICANTO ESSENCE,16600,Kia , Picanto,Manuelle,Essence,2010,78000
partner nthiifa,14000,Peugeot , Partner,Manuelle,Diesel,2007,240
Vend ou echange mercedes e220 elegance cdi w211,32000,Mercedes-Benz , 220,Manuelle,Diesel,2002,210000
a vendre fiat palio 2 Fire 5ch,8500,Fiat , Palio,Manuelle,Essence,2004,295000
Nissan Juke Tekna 2014,61800,Nissan , Juke,Manuelle,Essence,2014,1200
occasion en or,19000,Volkswagen , Polo,Manuelle,Essence,2010,104000
voiture,29000,Renault , Fluence,Manuelle,Essence,2011,72000
VOLKSWAGEN CADDY,17000,Volkswagen , Caddy,Manuelle,Diesel,2009,20000
bmw,11000,BMW , 316,Manuelle,Essence,1992,123000
Ford Fusion,21000,Ford , Fusion,Manuelle,Essence,2009,111000
"Peugeot expert 1,6HDI",24000,Peugeot , Expert,Manuelle,Diesel,2011,160000
TAXI,40000,Citroen , C4,Manuelle,Diesel,2012,300000
Peugeot 206 Sedan,14700,Peugeot , 206,Manuelle,Essence,2008,100000
Audi A4 1.9 TDI,13500,Audi , A4,Manuelle,Diesel,1996,280000
POLO 7 TOUTE NEUVE,21500,Volkswagen , Polo,Manuelle,Essence,2011,67000
reault scenic,19800,Renault , Scenic,Manuelle,Diesel,2008,174000
peugeot 206,13700,Peugeot , 206,Manuelle,Essence,2005,230000
SENIC 2009,22000,Renault , Scenic,Manuelle,Diesel,2009,155000
Polo 6 SDI,17000,Volkswagen , Polo,Manuelle,Diesel,2009,390000
une hyundai elantra presque neuf,32000,Hyundai , Elantra,Automatique,Essence,2010,105000
Voiture importée à vendre pour une dame,38500,Volkswagen , Golf,Manuelle,Diesel,2010,100000
JEEP GRAND CHEROKEE 2007 3L CRD V6,60000,Jeep , Grand Cherokee,Automatique,Diesel,2007,190000
CLIO 3 GRIS METALISEE ESSENCE,19000,Renault , Clio,Manuelle,Essence,2006,124000
Peugeot 407 hdi en trés bon état model navteq,20000,Peugeot , 407,Manuelle,Diesel,2007,192000
407 peugeot tres belle,20000,Peugeot , 407,Manuelle,Diesel,2005,144000
clio classic,12000,Renault , Clio,Manuelle,Essence,2005,300000
a vendre clio classic raw3a model 2007,14500,Renault , Clio,Manuelle,Essence,2007,168000
peugeot 106 xn,6000,Peugeot , 106,Manuelle,Diesel,1995,185000
peugeot 106 xn,6000,Peugeot , 106,Manuelle,Diesel,1995,185000
belle opel corsa,7800,Opel , Corsa,Manuelle,Essence,1999,166000
peugeot partner gris métallisé,12600,Peugeot , Partner,Manuelle,Diesel,2005,260000
bonne occation,16500,Renault , Clio,Manuelle,Essence,2003,2000000
toyota hilux,75000,Toyota , Hilux,Manuelle,Diesel,2014,6500
Ford edge,45000,Ford , Edge,Automatique,Essence,2007,140000
voiture R9 ESSENCE,3000,Renault , R 9,Manuelle,Essence,1981,190000
passat trendline 1.9 turbo diesel,29000,Volkswagen , Passat,Manuelle,Diesel,2008,204000
golf 7,58000,Volkswagen , Golf,Manuelle,Diesel,2013,39600
Dacia SANDERO 5Ch. essence,26000,Dacia , Sandero,Manuelle,Essence,2014,9900
A vendre FORD FIESTA 2013,27500,Ford , Fiesta,Manuelle,Essence,2013,36700
C3 4cylindres full options,125000,Citroen , C3,Manuelle,Essence,2012,60000
AV Ford Fiesta TITANIUM Toute Option,21800,Ford , Fiesta,Manuelle,Essence,2009,118000
palio 16v elx,12800,Fiat , Palio,Manuelle,Essence,2004,124000
Ford Fiesta Titanium en excellent état,22500,Ford , Fiesta,Manuelle,Essence,2010,94500
CITROEN BERLINGO,32500,Citroen , Berlingo,Manuelle,Essence,2010,69000
Fiat sienna Essence,13900,Fiat , Sienna,Manuelle,Essence,2005,139000
Vendre voiture accidenté,14000,Toyota , Corolla,Manuelle,Diesel,2013,35000
offre une voiture c4 en tres bon etat,30000,Citroen , C4,Manuelle,Essence,2011,81000
Une très belle BMW kit M5,58000,BMW , 520,Automatique,Essence,2009,140000
Nissan NAVARA,40000,Nissan , Navara,Manuelle,Diesel,2010,105000
FIAT PUNTO 2 DIESEL,7500,Fiat , Punto,Manuelle,Diesel,2003,250000
308cc hdi cabrio 2L,42500,Peugeot , 308,Manuelle,Diesel,2011,70000
TU176 4x4 imp Canada,25000,Volkswagen , Passat,Manuelle,Diesel,2004,185000
A vendre Audi A4,16000,Audi , A4,Manuelle,Diesel,1997,260000
SYMBOL,15500,Renault , Symbol,Manuelle,Essence,2010,75000
Une Jolie BMW X1 classe et neuve,76000,BMW , X1,Automatique,Diesel,2012,27000
Nissan juke,49000,Nissan , Juke,Manuelle,Essence,2013,35000
A vendre Golf 5 TDI 1.9,23000,Volkswagen , Golf,Manuelle,Diesel,2004,217000
Peugeot 607 2.0i 16v TT Options RS,9000,Peugeot , 607,Manuelle,Essence,2002,114000
vente voiture,16500,Opel , Astra,Manuelle,Essence,2004,90500
occasion en or,13700,Volkswagen , Golf,Manuelle,Essence,1998,240000
très belle ocassion,17000,Renault , Symbol,Manuelle,Essence,2009,160000
POLO 5 ESSENCE 4 CV,12900,Volkswagen , Polo,Manuelle,Essence,2004,149000
polo 7 tayara,25000,Volkswagen , Polo,Manuelle,Essence,2012,48000
tres belle chevrolet cruze,30000,Chevrolet , Cruze,Manuelle,Essence,2012,48000
VW Golf 5 a vendre.,23500,Volkswagen , Golf,Manuelle,Essence,2007,228000
A vendre une megan casquette en bon état,13900,Renault , Megane,Manuelle,Diesel,2005,210000
golf 6 team tsi boite de 6 105ps,37000,Volkswagen , Golf,Manuelle,Essence,2010,81000
fiat evo,18000,Fiat , Punto Evo,Manuelle,Essence,2012,190000
Golf4: Essence 1.6 16S CONFORT 3P,19000,Volkswagen , Golf,Manuelle,Essence,2002,170000
a ne pas rate,15500,Renault , Symbol,Manuelle,Essence,2010,140000
407,125000,Peugeot , 407,Automatique,Diesel,2006,1350000
Clio 3 En trés bonne Etat,22500,Renault , Clio,Manuelle,Essence,2011,100000
POLO,14000,Volkswagen , Polo,Manuelle,Essence,2006,150000
qashqai en tres bonne etat,40000,Nissan , Qashqai,Manuelle,Diesel,2008,178000
Symbol très bon état,17300,Renault , Symbol,Manuelle,Essence,2011,94240
A vendre Peugeot 308 CC sport 1 ère main,45000,Peugeot , 308,Manuelle,Essence,2010,20000
A Vendre Peugeot Bipper,30000,Peugeot , Bipper Tepee,Manuelle,Essence,2011,74000
Mercedes ML 350 tout options (unique),125000,Mercedes-Benz , ML 350,Automatique,Essence,2011,30000
Renault symbol,18700,Renault , Symbol,Manuelle,Essence,2010,76000
modus bonne occasion,14500,Renault , Modus,Manuelle,Essence,2006,103000
Clio classique 06/2003 à vendre,11300,Renault , Clio,Manuelle,Essence,2003,264000
Kia cerato Boite automatique,40500,Kia , Cerato,Automatique,Essence,2013,44000
passat 2008,30000,Volkswagen , Passat,Manuelle,Essence,2008,133000
TRES BONNE ETAT,17500,Ford , Fiesta,Manuelle,Essence,2008,103
belle 307 CC,29000,Peugeot , 307,Manuelle,Diesel,2009,9000
VOLKSWAGEN TIGUAN Essence 2 L TSI 4 MOTION BVA,58000,Volkswagen , Tiguan,Automatique,Essence,2009,89000
Polo 4 état trés propre,13600,Volkswagen , Polo,Manuelle,Essence,2001,70700
tres propre bmw e34,16000,BMW , 520,Automatique,Essence,1991,330000
c4 en tres bonne etat,18000,Citroen , C4,Manuelle,Diesel,2007,169000
prix choc besoin d'argent,39000,Peugeot , 3008,Automatique,Diesel,2010,90000
hyndai veloster,46000,Hyundai , Veloster,Automatique,Essence,2013,20000
passat TDI en parfait état,43000,Volkswagen , Passat,Manuelle,Diesel,2010,64000
polo 6 a vendre ou echanger,12500,Volkswagen , Polo,Manuelle,Essence,2006,180000
BMW 318 D,45000,BMW , 318,Manuelle,Diesel,2007,98000
Polo 6 Noir,17500,Volkswagen , Polo,Manuelle,Essence,2009,65000
Megane phase 2 simens 1.5,22000,Renault , Megane,Manuelle,Diesel,2008,180000
C3 pluriel cabrio tt neuve,25000,Citroen , C3,Manuelle,Diesel,2009,68000
Très urgents,42000,Isuzu , D-Max,Manuelle,Diesel,2011,65000
GOLF 5,23000,Volkswagen , Golf,Manuelle,Essence,2004,230000
opel corsa serie 70,9000,Opel , Corsa,Manuelle,Essence,1970,250000
Megane 3 essence origine -10,27000,Renault , Megane,Manuelle,Essence,2010,75000
Vente,45000,Volkswagen , Passat,Manuelle,Diesel,2010,135000
CLIO CLASSIQUE NOIRE PREMIERE MAIN,14000,Renault , Clio,Manuelle,Essence,2004,133000
bonne occasion,20000,Fiat , Grande Punto,Automatique,Essence,2011,65000
Golf 4 tout option,16500,Volkswagen , Golf,Manuelle,Essence,2001,195000
Megane Sedan Trés Propre,19000,Renault , Megane,Manuelle,Essence,2008,89000
Megane Casquette en très Bon état,21600,Renault , Megane,Manuelle,Essence,2004,42000
Ford Focus 1 ère main,25000,Ford , Focus,Manuelle,Essence,2010,93009
A vendre Golf 5 Essence 1.4 Anneé 2008,26500,Volkswagen , Golf,Manuelle,Essence,2008,130000
polo 5 (5 chevaux),13700,Volkswagen , Polo,Manuelle,Essence,2004,101000
Mercedes E200,90000,Mercedes-Benz , E 200,Automatique,Essence,2009,66000
ford fiesta,23500,Ford , Fiesta,Manuelle,Essence,2011,83000
clio,15300,Renault , Clio,Manuelle,Essence,2005,133000
kia rio 5 portes,28500,Kia , Rio,Manuelle,Essence,2013,32000
Bonne occasion : Polo 5,12500,Volkswagen , Polo,Manuelle,Essence,2004,125000
vente voiture,18500,Renault , Symbol,Manuelle,Essence,2011,70000
Golf 6 TDI 2.0 110CV,37500,Volkswagen , Golf,Manuelle,Diesel,2010,136000
A Vendre ou Echange,32500,Renault , Clio,Manuelle,Essence,2013,5300
audi a4 tdi,32500,Audi , A4,Manuelle,Diesel,2007,135000
Une Jolie Megane Scenic comme neuve importée de france,19500,Renault , Megane,Manuelle,Diesel,2010,198000
golf 3,13200,Volkswagen , Golf,Manuelle,Essence,1996,215000
kangoo 4x4 diesel,20000,Renault , Kangoo,Automatique,Diesel,2004,145000
Jetta 1.2 TSI,47000,Volkswagen , Jetta,Manuelle,Essence,2011,33800
golf 4 nethifa barecha,18800,Volkswagen , Golf,Manuelle,Essence,2003,250000
golf 6 break 1.6 diesel 7 ch,44000,Volkswagen , Golf,Manuelle,Diesel,2011,137000
L200 Sportero 4x4,39600,Mitsubishi , L200,Automatique,Diesel,2010,203000
vente,3000,Opel , Rekord,Manuelle,Diesel,1982,99000000
golf 6 sport,36000,Volkswagen , Golf,Manuelle,Essence,2009,49000
vente ou echange golf2,7600,Volkswagen , Golf,Manuelle,Diesel,1985,500000
E 200 CGI CABRIOLET KIT AMG,105000,Mercedes-Benz , 200,Automatique,Essence,2011,67000
Mercedes c 180 kit AMG,50000,Mercedes-Benz , C 180,Automatique,Essence,2009,110000
"Volkswagen Passat 1,6 TDI Trendline",48000,Volkswagen , Passat,Manuelle,Diesel,2011,107000
symbole accidentée,8000,Renault , Symbol,Manuelle,Essence,2013,30000
A vendre,23000,Kia , Rio,Manuelle,Essence,2010,85000
tres belle navara LE,39000,Nissan , Navara,Manuelle,Diesel,2010,130000
Polo 4 ndifa,11700,Volkswagen , Polo,Manuelle,Essence,2001,210000
a vendre 205 visa,4000,Peugeot , 205,Manuelle,Essence,1984,250000
BMW E36 prmère main,14000,BMW , 316,Manuelle,Essence,1996,240000
C3 en bon état,14800,Citroen , C3,Manuelle,Essence,2006,190000
Voitur en bonne etat,8000,Toyota , Tercel,Manuelle,Essence,1995,372100
c4 5cv hdi 90 cv tres propre,20000,Citroen , C4,Manuelle,Diesel,2007,146730
Clio classique,14700,Renault , Clio,Manuelle,Essence,2007,174000
Nissan juke model européen france douane payée,49000,Nissan , Juke,Manuelle,Diesel,2012,75000
Audi A3,15000,Audi , A3,Manuelle,Essence,1998,249000
a vendre,5200,Peugeot , 309,Manuelle,Diesel,1992,50000
unique fiat bravo,26000,Fiat , Bravo,Manuelle,Essence,2009,120000
megane 3 importée serie 173,33000,Renault , Megane,Manuelle,Diesel,2011,120000
superbe fiat grande pop,25000,Fiat , Grande Punto,Manuelle,Essence,2013,56000
auto,13200,Fiat , Palio,Manuelle,Essence,2008,71000
JEEP COMPASS,39000,Jeep , Compass,Automatique,Essence,2007,120000
ford fiesta,23000,Ford , Fiesta,Manuelle,Essence,2010,65000
Mini one de Munich,35500,MINI , ONE,Manuelle,Essence,2009,45000
une belle Peugeot 106 blanche,8000,Peugeot , 106,Manuelle,Essence,1997,200000
A vendre une belle Alfa Romeo toutes options,24000,Alfa Romeo , Alfa 147,Manuelle,Essence,2008,130
Ford mondeo moteur essence 1.6 16v -94,7500,Ford , Mondeo,Manuelle,Essence,1994,500000
Seat IBIZA à Vendre,26000,Seat , Ibiza,Manuelle,Essence,2013,19000
volkswagen JETTA break TDI,20000,Volkswagen , Jetta,Manuelle,Diesel,2005,180000
Mercedes en provenance de Belgique,60000,Mercedes-Benz , 220,Manuelle,Diesel,2012,130000
une belle 106,9200,Peugeot , 106,Manuelle,Essence,1997,200000
BMW X1 SDrive 18d pour RS ou diplomate,55000,BMW , X1,Automatique,Diesel,2011,21000
FIAT LINEA A VENDRE,22500,Fiat , Linea,Manuelle,Essence,2008,129000
Megane a vendre,17500,Renault , Megane,Automatique,Diesel,2009,130000
femme vend,30000,Volkswagen , Golf,Manuelle,Diesel,2003,142000
Golf 6 première main,33000,Volkswagen , Golf,Manuelle,Essence,2010,115000
Superbe CLIO III,21000,Renault , Clio,Manuelle,Essence,2009,67000
Occasion a saisir,20800,Citroen , C1,Manuelle,Essence,2012,38682
golf 4 essence,15800,Volkswagen , Golf,Manuelle,Essence,2000,189000
MEGANE III DCI 156 BV5 IMPORTÉE,25000,Renault , Megane,Manuelle,Diesel,2009,125000
occasion a ne pas rater,12500,Peugeot , 206,Manuelle,Essence,2001,200000
astra g,14500,Opel , Astra,Manuelle,Essence,2004,287000
Fiat sienna,12500,Fiat , Sienna,Manuelle,Essence,2004,175
"Peugeot 106 blanche année 97, 190000 km",6500,Peugeot , 106,Manuelle,Essence,1997,190000
AV PEUGEOT 207,19600,Peugeot , 207,Manuelle,Essence,2007,154000
Fiat punto 3,15000,Fiat , Punto,Manuelle,Essence,2009,80000
206+ noir,17600,Peugeot , 206,Manuelle,Essence,2010,87
je vends ou j'échange ma 407 diesel,21500,Peugeot , 407,Manuelle,Diesel,2006,150000
Polo 7 1.4,26000,Volkswagen , Polo,Manuelle,Essence,2011,90000
Dmax 4x4 toutes options avec cabine (double pont),62100,Isuzu , D-Max,Manuelle,Diesel,2014,2000
clio classique à vendre,125000,Renault , Clio,Manuelle,Essence,2004,200000
excellente ford mondeo ghia,25000,Ford , Mondeo,Manuelle,Essence,2008,140000
AV MERCEDES 250 4PHARES,20000,Mercedes-Benz , 250,Manuelle,Diesel,1996,400000
Citroen c3,26000,Citroen , C3,Manuelle,Essence,2011,54000
Belle occasion en or première main toutes options,15000,Ford , Mondeo,Manuelle,Diesel,2002,205000
volkswagon caddy TDI,21000,Volkswagen , Caddy,Manuelle,Diesel,2006,100000
toute option comme neuve,26000,Ford , Fiesta,Manuelle,Essence,2011,73700
A vendre renault megane,35000,Renault , Megane,Manuelle,Essence,2012,53000
"A vendre Ford Fiesta GHIA année 2006 propriété d’une femme très propre, bien entretenu et faible kilométrages",14900,Ford , Fiesta,Manuelle,Essence,2006,109009
vendre une tres belle touareg tres peux rouler pratiquement neuve,68000,Volkswagen , Touareg,Automatique,Diesel,2006,37000
Mercedes ML270 a vendre,28000,Mercedes-Benz , ML 270,Automatique,Diesel,2000,226000
SYMBOL ELEGANCE,27000,Renault , Symbol,Manuelle,Essence,2014,3000
Je vends c4 picasso,39000,Citroen , C4 Picasso,Manuelle,Diesel,2010,128000
Pour causse départ à vendre une belle Opel astra g 1.7 dti fashion blanc métalisé tres propre,18500,Opel , Astra,Manuelle,Diesel,2003,235000
docteur,23500,Volkswagen , Golf,Manuelle,Essence,2005,145000
Citroen c3,17000,Citroen , C3,Manuelle,Essence,2008,100000
a vendre,27500,Audi , TT,Manuelle,Essence,2001,137
A vendre belle ZX,8000,Citroen , ZX,Manuelle,Essence,1993,280000
Superbe Audi A4 Sline 1.9td,35000,Audi , A4,Manuelle,Diesel,2006,245000
fiat siena GPL,11500,Fiat , Sienna,Manuelle,Essence,2006,13900
audi a3 s ;ine,36500,Audi , A3,Manuelle,Essence,2009,59000
Ford Fiesta,13700,Ford , Fiesta,Manuelle,Essence,2004,190000
Kia Rio Première main (encore en garantie),22500,Kia , Rio,Manuelle,Essence,2011,48000
ventre fiat sienna,13000,Fiat , Sienna,Manuelle,Essence,2004,210000
opel corsa swing,8500,Opel , Corsa,Manuelle,Essence,2000,111111
Mégane 2 Bonne occasion,19000,Renault , Megane,Manuelle,Essence,2007,105000
belle nissan navara,30000,Nissan , Navara,Manuelle,Diesel,2008,195000
Seat Ibiza,23000,Seat , Ibiza,Manuelle,Essence,2010,39000
grande punto tte option,18000,Fiat , Grande Punto,Manuelle,Essence,2009,65000
Golf TDI Noir Métallisée,38000,Volkswagen , Golf,Manuelle,Diesel,2011,64500
Superbe Golf TDI Blue Montion,42500,Volkswagen , Golf,Automatique,Diesel,2010,74800
Megane 3,30500,Renault , Megane,Manuelle,Diesel,2011,67000
A vendre,17400,Kia , Rio,Manuelle,Essence,2010,149000
206+,18700,Peugeot , 206,Manuelle,Essence,2010,85
mercedes A140 essence,12500,Mercedes-Benz , A 140,Manuelle,Essence,2000,200000
renault symbol,16200,Renault , Symbol,Manuelle,Essence,2011,123650
fIat Palio Fire,11700,Fiat , Palio,Manuelle,Essence,2010,117200
citroen c4 2 portes,18200,Citroen , C4,Manuelle,Essence,2007,150000
A Vendre une C3,12500,Citroen , C3,Manuelle,Essence,2004,193
a vendre ou échange Astra f turbo diesel avec Partner ou berlingo,6800,Opel , Astra,Manuelle,Diesel,2000,200
BMW E38 728i,13000,BMW , 728,Manuelle,Essence,1998,180000
BMW 320I tt option,62000,BMW , 320,Automatique,Essence,2011,89000
nissan navara,43000,Nissan , Navara,Manuelle,Diesel,2012,85
Megane coupé phase 2,20000,Renault , Megane,Manuelle,Diesel,2008,98000
a vendre un magnifique pick-up ssangyong Actyon sports 1,33500,Ssangyong , Actyon,Manuelle,Diesel,2010,116000
A Vendre Chevrolet Aveo Ls Essence,15400,Chevrolet , Aveo,Manuelle,Essence,2009,145000
opel swing 1.2,8600,Opel , Corsa,Manuelle,Essence,1998,338000
clio 4 cable montage français toute options 2eme main,13000,Renault , Clio,Manuelle,Essence,2000,140000
opel astra commerciale,10000,Opel , Astra,Manuelle,Diesel,2002,350000
Vw Polo 7 Gris soukauto,17800,Volkswagen , Polo,Manuelle,Essence,2011,103211
Clio classique,17500,Renault , Clio,Manuelle,Essence,2007,117000
"BELLE VOITURE, ETAT FONCTIONNEL IMPECCABLE, 90000 Km",12000,Fiat , Sienna,Manuelle,Essence,2004,90000
4x4 hyundai galloper II en très bon etat,15000,Hyundai , Galloper,Manuelle,Diesel,1999,200000
CITROEN BX,4700,Citroen , BX,Manuelle,Essence,1991,300000
Peugeot 206,13400,Peugeot , 206,Manuelle,Essence,2004,130000
Une tres belle C2,13000,Citroen , C2,Manuelle,Diesel,2007,150000
mercedes e220,33800,Mercedes-Benz , E 220,Automatique,Diesel,2006,162000
Passat essence 1ère main aout 2001 127 000km,18000,Volkswagen , Passat,Manuelle,Essence,2001,127000
polo6 boite automatique,18900,Volkswagen , Polo,Automatique,Essence,2008,95000
A vendre fiat siena 1er main état d'origine,12900,Fiat , Sienna,Manuelle,Essence,2006,147000
C5 Led modèle 2012 moteur 508,35500,Citroen , C5,Manuelle,Diesel,2012,90000
vente,6000,Opel , Astra,Manuelle,Diesel,1998,760000
bmw serie 1,40000,BMW , 118,Manuelle,Diesel,2009,130000
a vendre voiture Peugeot 206,18000,Peugeot , 206,Manuelle,Essence,2009,27000
Peugeot 206,12000,Peugeot , 206,Manuelle,Essence,2001,190000
C5 gps pack premium à saisir,31000,Citroen , C5,Manuelle,Diesel,2009,90000
particulier vend BMW serie3 pack luxe ttes options,38500,BMW , 316,Manuelle,Essence,2006,162500
bmw serie3,14000,BMW , 318,Manuelle,Essence,1993,527000
belle megane casquette dci,14500,Renault , Megane,Manuelle,Diesel,2004,195000
vente golf 6 premiére main,34000,Volkswagen , Golf,Manuelle,Essence,2011,63000
Une belle polo 5 confortline d'un étudiant,13000,Volkswagen , Polo,Manuelle,Essence,2002,177000
Belle Peugeot 206 Sedan,16800,Peugeot , 206,Manuelle,Essence,2009,70000
vente,14000,Renault , Laguna,Manuelle,Diesel,2003,272000
A vendre une belle Mini Cooper,125000,MINI , Cooper,Manuelle,Essence,2012,65000
Chevrolet Captiva 4x4 a vendre,15000,Chevrolet , Captiva,Automatique,Essence,2007,130000
Peugeot 206 4CV Essence,16000,Peugeot , 206,Manuelle,Essence,2006,171000
citroen c4 1.6 hdi diesel,18500,Citroen , C4,Manuelle,Diesel,2006,199000
kia optima for sale,45000,Kia , Optima,Automatique,Essence,2013,20000
POLO 6 en très bon état,18200,Volkswagen , Polo,Manuelle,Essence,2009,10900
ford fiesta,13600,Ford , Fiesta,Manuelle,Essence,2005,111000
clio3,25000,Renault , Clio,Manuelle,Essence,2011,24000
Peugeot 308,25000,Peugeot , 308,Automatique,Diesel,2009,96000
a vendre,10000,Fiat , Punto,Manuelle,Essence,2002,169000
A3 Sportback 1.9 TDI,48000,Audi , A3,Manuelle,Diesel,2009,126000
femme vend une BELLE MEGANE 3,25500,Renault , Megane,Manuelle,Diesel,2009,105000
fiat uno,5800,Fiat , Uno,Manuelle,Diesel,1987,134000
partner,125000,Peugeot , Partner,Manuelle,Diesel,2010,9900
GOLF 6 STYLE XENON,49700,Volkswagen , Golf,Manuelle,Diesel,2012,43660
une isuzu D-Max,25000,Isuzu , D-Max,Manuelle,Diesel,1997,268959
Passat Carrat 1.9 TDI Moteur remplacé Neuf,18500,Volkswagen , Passat,Manuelle,Diesel,2001,190000
Belle 407 Break,28000,Peugeot , 407,Manuelle,Diesel,2006,72000
GOLF 4 sport,17600,Volkswagen , Golf,Manuelle,Diesel,2001,241000
rrt,65000,Hyundai , Sonata,Automatique,Essence,2011,80000
"Opel Corsa B, 3 cylindre ndhifa",8500,Opel , Corsa,Manuelle,Essence,2000,250000
une belle golf 6,35500,Volkswagen , Golf,Manuelle,Essence,2009,86000
Bonne Occasion,13500,Volkswagen , Golf,Manuelle,Essence,1998,251794
a vendre,15000,Toyota , Hiace,Manuelle,Diesel,2003,700000
Grande punto toutes options,18500,Fiat , Grande Punto,Manuelle,Essence,2010,98000
Une belle 205 rouge,5500,Peugeot , 205,Manuelle,Diesel,1995,350000
PASSAT B6 1.9 TDI,30000,Volkswagen , Passat,Manuelle,Diesel,2006,206000
a vendre megane casquette Diesel,14000,Renault , Megane,Manuelle,Diesel,2003,186000
AV POLO 5 importé 6CV 1.4L,16000,Volkswagen , Polo,Automatique,Essence,2002,91000
renault scenic,14000,Renault , Scenic,Manuelle,Diesel,2006,132000
Ford Fiesta -00,125000,Ford , Fiesta,Manuelle,Essence,2000,190000
Grandi Punto à vendre,18500,Fiat , Punto,Manuelle,Essence,2008,91000
a vendre clio 4,11800,Renault , Clio,Manuelle,Essence,1999,200000
belle kia rio vente ou échange,18000,Kia , Rio,Manuelle,Essence,2010,62000
Offre formidable Clio 6,25500,Renault , Clio,Manuelle,Essence,2010,41000
Clio 1ere Main,15000,Renault , Clio,Manuelle,Essence,2006,198000
A VENDRE POLO 4 MOTEUR 1.4,11200,Wiesmann , Autres,Manuelle,Essence,2000,230000
"Volkswagen Jetta, 1.2 TSI essence",45000,Volkswagen , Jetta,Manuelle,Essence,2013,19000
Citoen C4 Diesel HDi Imprtée,24000,Citroen , C4,Manuelle,Diesel,2009,107000
fiat evo,22500,Fiat , Punto Evo,Manuelle,Essence,2012,68000
PEUGEOT 407 SW (BREAK) 1.6 HDI,25000,Peugeot , 407,Manuelle,Diesel,2008,165000
Limosine pour fête avec un chauffeur,530,Audi , 100,Automatique,Diesel,2000,300000
Femme vends voiture ford fiesta ghia,16500,Ford , Fiesta,Manuelle,Essence,2006,150000
Citroen c 3 nouveau a vendre,25000,Citroen , C3,Manuelle,Essence,2012,59000
306 ndifa barcha,8800,Peugeot , 306,Manuelle,Diesel,2001,588000
Golf 5 etat d'origine,27000,Volkswagen , Golf,Manuelle,Essence,2008,127000
Vends une Kia Rio noire,22000,Kia , Rio,Manuelle,Essence,2010,48000
a vendre voitur,5500,Renault , Clio,Manuelle,Diesel,1998,291166
Grande punto toutes options,18700,Fiat , Grande Punto,Manuelle,Essence,2010,98000
une 207 noire,21500,Peugeot , 207,Manuelle,Essence,2010,56000
FORD RANGER XLT,35000,Ford , Ranger,Manuelle,Diesel,2009,180000
polo 5,13000,Volkswagen , Polo,Manuelle,Essence,2004,126000
opel astraf break,11400,Opel , Astra,Automatique,Essence,1995,177000
207 Noir A VENDRE,28000,Peugeot , 207,Manuelle,Essence,2012,46000
belle voiteur,18500,Renault , Symbol,Manuelle,Essence,2009,64000
avendre Cilo campus,16000,Renault , Clio,Manuelle,Essence,2008,123000
FORD FIESTAT TITANIUM,26000,Ford , Fiesta,Manuelle,Essence,2012,64000
Polo7,20500,Volkswagen , Polo,Manuelle,Essence,2010,72800
A vendre mazda CX9 neuve n a parcouru que 30mkm ttes options sauf toit ouvrant tres propre 3 ans en garage,78000,Mazda , CX-9,Automatique,Essence,2010,30000
Renault symbol,14200,Renault , Symbol,Manuelle,Essence,2009,200000
belle kia rio,23000,Kia , Rio,Manuelle,Essence,2011,50000
très belle citroen berlingo,17000,Citroen , Berlingo,Manuelle,Diesel,2010,89000
Mercedes C 280 - AMG,62000,Mercedes-Benz , C 280,Automatique,Essence,2007,108000
top urgent,30000,Peugeot , 3008,Manuelle,Diesel,2010,160000
VW jetta full options DSG 7,46000,Volkswagen , Jetta,Automatique,Essence,2011,17000
Mercedes E 230 AMG,15000,Mercedes-Benz , 230,Automatique,Essence,1999,250000
golf 4,15200,Volkswagen , Golf,Manuelle,Essence,1998,220000
Renault symbol 1ere main,15800,Renault , Symbol,Manuelle,Essence,2009,117000
Peugeot 406,15000,Peugeot , 406,Manuelle,Essence,2002,243000
Citroen c elysée,27800,Citroen , Autres,Manuelle,Essence,2013,11000
207,30000,Peugeot , 207,Manuelle,Essence,2012,38000
Megane CLASSIQUE,125000,Renault , Megane,Manuelle,Essence,2005,220000
golf V,26000,Volkswagen , Golf,Manuelle,Diesel,2007,130000
NISSAN JUKE,125000,Nissan , Juke,Manuelle,Diesel,2011,90000
belle 308 sw break,125000,Peugeot , 308,Manuelle,Diesel,2009,120000
berlingo b9 tts options 3place,21500,Citroen , Berlingo,Manuelle,Diesel,2010,130000
POLO 7,19900,Volkswagen , Polo,Manuelle,Essence,2010,58000
Smart Fortwo coupe CDI Passion,18000,Smart , ForTwo,Manuelle,Diesel,2009,65600
BMW X6 XDRIVE 30D,175000,BMW , X6,Automatique,Diesel,2009,92000
PEUGEOT 301 1.2 allure,28500,Peugeot , 301,Manuelle,Essence,2013,13000
polo 4 a vendre,11200,Volkswagen , Polo,Manuelle,Essence,2000,165000
mercedes benz class A 200 design sportif neuve,88000,Mercedes-Benz , A 200,Automatique,Diesel,2014,15000
Peugeot 206 usage Taxi.,9800,Peugeot , 206,Manuelle,Diesel,2004,762000
GOLF6 FORSA,38000,Volkswagen , Golf,Manuelle,Diesel,2011,85000
Megane Classic à vendre,18000,Renault , Megane,Manuelle,Essence,2008,88000
a vendre Fiat Punto,13000,Fiat , Punto,Manuelle,Essence,2010,200000
MERCEDES 190 DIESEL,8000,Mercedes-Benz , 190,Manuelle,Diesel,1986,300000
megane coupée importée de l'étranger série 161,29500,Renault , Megane,Manuelle,Essence,2009,102000
Citroen c4 07,20500,Citroen , C4,Manuelle,Diesel,2007,164000
POLO7 NEUVE,30000,Volkswagen , Polo,Manuelle,Essence,2013,15000
fiat grande punto,16200,Fiat , Grande Punto,Automatique,Essence,2011,155000
Vente Voiture,13500,Renault , Scenic,Manuelle,Diesel,2000,270000
RAV 4 Diesel 5 portes très peu servie,45000,Toyota , RAV 4,Manuelle,Diesel,2004,73350
PEUGEOT PARTNER TEPEE 1.6 HDI 90 5 places,35000,Peugeot , Partner Tepee,Manuelle,Diesel,2011,129000
Très belle Passat,21000,Volkswagen , Passat,Manuelle,Essence,2000,209118
TOUAREG R5 TDI,35000,Volkswagen , Touareg,Manuelle,Diesel,2004,350000
TOUAREG R5 TDI,35000,Volkswagen , Touareg,Manuelle,Diesel,2004,350000
Très belle 407 trés propre série 125,21500,Peugeot , 407,Manuelle,Diesel,2006,129000
Belle Passat,18500,Volkswagen , Passat,Manuelle,Diesel,2002,370000
BMW,23000,BMW , 316,Manuelle,Essence,2004,292000
clio classique,10799,Renault , Clio,Manuelle,Essence,2002,222000
bmw 318 tds,13500,BMW , 318,Manuelle,Diesel,1995,244000
megane coupé,29000,Renault , Megane,Automatique,Essence,2010,102000
superbe 406,22000,Peugeot , 406,Manuelle,Essence,2001,42179
megane coupé,15700,Renault , Megane,Manuelle,Diesel,2004,250000
a vendre une Clio chipie,7200,Renault , Clio,Manuelle,Essence,1997,225730
SPORTERO,38000,Mitsubishi , L200,Manuelle,Diesel,2009,125000
Renault scénic i rx4 1.9 dci,14000,Renault , Scenic,Manuelle,Diesel,2000,235014
Volkswagen passat modifiée toutes options,20000,Volkswagen , Passat,Manuelle,Essence,1998,225000
kia serrato,27000,Kia , Sorento,Manuelle,Essence,2009,105000
polo 7 ; 4 ch mazout importer germanie,25000,Volkswagen , Polo,Manuelle,Diesel,2009,140000
voiture de dame en parfait état,23000,Kia , Rio,Manuelle,Essence,2011,52000
2013 Volkswagen PASSAT CC Sportline Sedan,63000,Volkswagen , CC,Automatique,Essence,2013,18324
cleo classique on trés bon état,16500,Renault , Clio,Manuelle,Essence,2007,109000
vente/ echange,29700,Volkswagen , Passat,Manuelle,Essence,2009,119
Clio campus,20300,Renault , Clio,Manuelle,Essence,2009,78400
nouvelle KIA Picanto,20000,Kia , Picanto,Automatique,Essence,2012,22000
C4 Première main,41000,Citroen , C4,Manuelle,Essence,2013,20000
vente passat,22000,Volkswagen , Passat,Manuelle,Diesel,2006,198
Passat turbo diesel injection,19500,Volkswagen , Passat,Manuelle,Diesel,2000,170000
A vendre,38000,Mercedes-Benz , B 180,Manuelle,Diesel,2007,65000
polo3,10200,Volkswagen , Polo,Manuelle,Essence,1999,139000
Grande punto diesel importé de France,21000,Fiat , Punto Evo,Manuelle,Diesel,2009,62000
MERCEDES 203,30000,Mercedes-Benz , 200,Manuelle,Diesel,2003,150000
Une belle golf 3 sport 2 pote une tré belle occas,8300,Volkswagen , Golf,Manuelle,Essence,1994,245000
PAJERO 4X4,14300,Mitsubishi , Pajero,Manuelle,Diesel,1999,500000
Mégane 3 coupé 2 portes,30000,Renault , Megane,Manuelle,Diesel,2010,171000
207 cc,34000,Peugeot , 207,Manuelle,Essence,2010,18000
voiture à vendre,14200,Opel , Astra,Manuelle,Diesel,2000,260000
Bora VW très bon état,12000,Volkswagen , Bora,Manuelle,Essence,2000,220000
toyota starlet treees propre,8600,Toyota , Starlet,Manuelle,Essence,1995,275
chevrolet aveo coupé,15000,Chevrolet , Aveo,Manuelle,Essence,2006,87000
belle golf 5 a vendre,27000,Volkswagen , Golf,Manuelle,Essence,2008,132000
Renault Koleos,125000,Renault , Koleos,Manuelle,Diesel,2009,70000
PEUGEOT 308,26000,Peugeot , 308,Manuelle,Diesel,2009,190000
GOLF6 FORSA,40000,Volkswagen , Golf,Manuelle,Diesel,2011,85000
A VENDRE GolF 6 DEUX BANDES ROUGES,33300,Volkswagen , Golf,Automatique,Essence,2010,60000
trés belle 207 phase 2 led 5cv,28000,Peugeot , 207,Manuelle,Diesel,2012,61200
Vd ford mondeo,29000,Ford , Mondeo,Manuelle,Essence,1988,115000
opel kadett moteur noir,3800,Opel , Kadett,Manuelle,Essence,1990,830000
À vendre Renault Clio classique 5CV,16800,Renault , Clio,Manuelle,Essence,2005,42000
belle mazda 4x4 diesel 4 port BT50 turbo,45000,Mazda , Mazda5,Manuelle,Diesel,2010,101000
Lincoln navigator v8,19000,Ford , Expedition,Automatique,Essence,2000,180000
VENTE,125000,Renault , Clio,Manuelle,Essence,2009,89000
Une CLIO CHIPIE exceptionnelle,8600,Renault , Clio,Manuelle,Essence,1998,180
av ou echange MEGANE CASQUETTE,11800,Renault , Megane,Manuelle,Diesel,2004,240000
"vente Opel Corsa b, série 87",8500,Opel , Corsa,Manuelle,Essence,1998,230000
voiture volkswagen transporter t5,34000,Volkswagen , T5 autres,Automatique,Diesel,2009,1000000
symbol,16000,Renault , Symbol,Manuelle,Essence,2010,101000
Très belle mercedes C300 4MATIC américaine,50000,Mercedes-Benz , C 300,Automatique,Essence,2010,78000
partner,125000,Peugeot , Partner,Manuelle,Diesel,2010,9900
xsara,13500,Citroen , Xsara,Manuelle,Essence,2003,18000
Polo a Vendre,16000,Volkswagen , Polo,Manuelle,Essence,2005,125000
VECTRA B SPORT,9500,Opel , Vectra,Manuelle,Essence,1997,200000
Polo 5,11500,Volkswagen , Polo,Manuelle,Essence,2005,133000
BMW 116i RS à RS,59000,BMW , 116,Automatique,Essence,2013,6500
Belle Punto3 série 131,13000,Fiat , Punto,Manuelle,Essence,2008,178000
Quashquai2010,45000,Nissan , Qashqai,Manuelle,Diesel,2010,85000
a vendre 206,12000,Peugeot , 206,Manuelle,Essence,2006,200000
205 JUNIOR,6300,Peugeot , 205,Manuelle,Essence,1991,250000
AUDI 80 FANTOME SANS CARTE GRISE POUR PIECES,5200,Audi , 80,Manuelle,Essence,1989,230000
407 navteq toutes options+possibilité échange,24000,Peugeot , 407,Manuelle,Diesel,2008,118000
Excellente polo 7 modele rare,33000,Volkswagen , Polo,Manuelle,Essence,2012,16500
belle kia rio modele 2010,25000,Kia , Rio,Manuelle,Essence,2010,17000
407 navteq hdi 1.6 très propre,25000,Peugeot , 407,Manuelle,Diesel,2008,170000
Kia Rio très bien entretenue,18500,Kia , Rio,Manuelle,Essence,2010,45500
A vendre,14000,Ford , Fiesta,Manuelle,Essence,2004,84000
une kia rio en très bon état,28000,Kia , Rio,Manuelle,Essence,2012,30800
belle C5 1ére main très propre,35000,Citroen , C5,Manuelle,Diesel,2009,77000
206+ ndayfa,21000,Peugeot , 206,Manuelle,Essence,2011,80000
a vendre 206,14000,Peugeot , 206,Manuelle,Essence,2006,200000
ford focus 1.4 6cv,13800,Ford , Focus,Manuelle,Essence,2004,210000
toyota yaris sedan,33300,Toyota , Yaris,Manuelle,Essence,2013,800
VOLKSWAGEN,17600,Volkswagen , Polo,Manuelle,Essence,2009,100000
chevrolet,125000,Chevrolet , Aveo,Manuelle,Essence,2011,50000
Fiat Palio 5cv à vendre,14500,Fiat , Palio,Manuelle,Essence,2010,74000
Peugeot 508 noir métallisée,52000,Peugeot , 508,Manuelle,Diesel,2012,15900
Fiat Punto 3,14700,Fiat , Punto,Manuelle,Essence,2007,115600
obaine,18500,Peugeot , 307,Manuelle,Diesel,2001,80000
Comme neuve,32000,Kia , Rio,Manuelle,Essence,2012,15000
Seat ibiza premiere main 01 2012,24000,Seat , Ibiza,Manuelle,Essence,2012,63000
Polo 4 a vendre,12500,Volkswagen , Polo,Manuelle,Essence,2001,256
CHEVROLET 4*4 CAPTIVA,60000,Chevrolet , Captiva,Automatique,Diesel,2011,88000
chevrolet aveo coupé,15000,Chevrolet , Aveo,Manuelle,Essence,2006,67000
Clio campus,19500,Renault , Clio,Manuelle,Essence,2008,115000
RENAULT SYMBOL,18000,Renault , Symbol,Manuelle,Essence,2009,70000
Renault Symbol,18500,Renault , Symbol,Manuelle,Essence,2009,69000
Volksvagen Caddy life 5places - maxi limosone 1.9 Tdi,37000,Volkswagen , Caddy,Manuelle,Diesel,2009,99000
FIAT PUNTO 3,11900,Fiat , Punto,Manuelle,Essence,2009,115000
laguna 1.6 16v en tes bonne etat,16800,Renault , Laguna,Manuelle,Essence,2005,178000
vente Passat TDI Diesel 7 chevaux Année 2000 Prix: 19000 dinars presque neuve toutes optionS,19000,Volkswagen , Passat,Manuelle,Diesel,2000,180000
hummer h3,60000,Hummer , H3,Automatique,Essence,2006,35700
citroen C8,125000,Citroen , C8,Manuelle,Diesel,2004,500000
Citroen c4 coupé HDI,25000,Citroen , C4,Manuelle,Diesel,2007,115000
Belle mini cooper,32000,MINI , Cooper,Manuelle,Essence,2007,120000
URGENT CLIO 4 blanc neuf neuf !!,34800,Renault , Clio,Manuelle,Essence,2013,5000
vds 207 hdi noire état,19800,Peugeot , 207,Manuelle,Diesel,2007,172000
Urgent a saisir,11000,BMW , 520,Manuelle,Essence,1990,180000
"Citroën C4, Dynamique plus, année 2012",35000,Citroen , C4,Manuelle,Essence,2012,37000
excellente occasion d'achat d'une Fiat Tipo à ne pas manquer,7000,Fiat , Tipo,Manuelle,Essence,1989,160000
RENAULT TWINGO,21000,Renault , Twingo,Manuelle,Essence,2010,46000
fiesta,27000,Ford , Fiesta,Manuelle,Diesel,2012,50000
JETTA BINT DAR ENNAKL,32000,Volkswagen , Jetta,Manuelle,Essence,2009,88500
Renault Master a Vendre (PREMIERE MAIN),125000,Renault , Master,Manuelle,Diesel,2006,270000
a vendre,17000,Renault , Clio,Manuelle,Diesel,2004,100000
megane coupee,15800,Renault , Megane,Manuelle,Essence,2003,162000
clio 3,19200,Renault , Clio,Manuelle,Diesel,2007,138000
NE PAS RATE,11500,Fiat , Punto,Manuelle,Essence,2004,175000
A VENDRE,28000,Mercedes-Benz , C 220,Manuelle,Diesel,2003,220000
PUNTO,14500,Fiat , Punto,Manuelle,Essence,2008,190000
NISSAN NAVARA BOITE AUTO,38000,Nissan , Navara,Automatique,Diesel,2006,122
DS 3 Première main,37500,Citroen , DS3,Manuelle,Essence,2010,40000
citroen c5,31000,Citroen , C5,Manuelle,Essence,2009,115000
Golf6,35500,Volkswagen , Golf,Manuelle,Essence,2010,57000
a vendre golf 6 TDI 1.6 FULL OPTIONS,45500,Volkswagen , Golf,Automatique,Diesel,2010,80000
A ne pas rater Peugeot 407 exécutive,23800,Peugeot , 407,Manuelle,Diesel,2008,149000
Renault 19 semi coupé,7500,Renault , R 19,Manuelle,Essence,1989,250000
Belle occasion,23500,Citroen , Berlingo,Manuelle,Essence,2011,111000
a vendre kia rio 4 portes,28000,Kia , Rio,Manuelle,Essence,2012,28600
twingo sport,8350,Renault , Twingo,Manuelle,Essence,1995,295000
Vend BMW E46,125000,BMW , 316,Manuelle,Essence,2004,124000
citroen c5,34000,Citroen , C5,Manuelle,Diesel,2009,160000
5cv 5 VT 95 din comparable à une golf 6,30000,Kia , cee'd,Manuelle,Essence,2011,62100
BMW 316i SERIE 3,52000,BMW , 316,Manuelle,Essence,2010,500000
Bmw 316i e90 phase 2,41000,BMW , 316,Manuelle,Essence,2010,90000
Megane III 1.5 DCI 105 EXPRESSION BV6 importée,26800,Renault , Megane,Manuelle,Diesel,2010,150000
FEMME VENDS SYMBOL,19500,Renault , Symbol,Manuelle,Essence,2010,35000
renault symbol,19500,Renault , Symbol,Manuelle,Essence,2010,35000
205 mazout,4800,Peugeot , 205,Manuelle,Diesel,1994,350000
Peugeot 207 en TBE,125000,Peugeot , 207,Manuelle,Essence,2007,99500
Peugeot 508 Pack Active,42000,Peugeot , 508,Manuelle,Essence,2011,56000
BMW serie 1,27000,BMW , 116,Manuelle,Essence,2007,141000
BMW 118 I Série 1,52000,BMW , 118,Manuelle,Essence,2008,127000
bmw 730i,7500,BMW , 730,Manuelle,Essence,2003,200000
C4 importé Tu 149,24000,Citroen , C4,Manuelle,Diesel,2008,135000
"Opel Astra 2010 Station Wagon 1,7 diesel Italie",30000,Opel , Astra,Manuelle,Diesel,2010,155000
Belle Astra g année 2001,15200,Opel , Astra,Manuelle,Essence,2001,146000
Bonne Ocasion,21500,Opel , Astra,Manuelle,Essence,2006,100000
propre 407,22800,Peugeot , 407,Manuelle,Diesel,2007,160000
polo 3 tuning,10900,Volkswagen , Polo,Manuelle,Essence,2002,190000
Megane 3 importé de la france,27300,Renault , Megane,Manuelle,Diesel,2010,100500
Peugeot 407 1.6 Diesel,21500,Peugeot , 407,Manuelle,Diesel,2007,224000
KIA Rio,23000,Kia , Rio,Manuelle,Essence,2011,39600
POLO 4,11800,Volkswagen , Polo,Manuelle,Essence,2001,264000
clio campus,23500,Renault , Clio,Manuelle,Essence,2009,60000
fiat punto 1,9400,Fiat , Punto,Manuelle,Essence,1997,198000
golf 6 boite auto vien de Qatar a ne pas rater,35000,Volkswagen , Golf,Automatique,Essence,2010,60000
land rover,17000,Land Rover , Autres,Manuelle,Diesel,1982,65000
Voiture POLO 5 Bon état,13500,Volkswagen , Polo,Manuelle,Essence,2004,200000
Megane 3 Diesel 5cv,31000,Renault , Megane,Manuelle,Diesel,2010,166000
polo 6 premier main,125000,Volkswagen , Polo,Manuelle,Essence,2007,84983
BMW 116,71500,BMW , 116,Manuelle,Essence,2013,4000
voiture propre,12600,Volkswagen , Polo,Manuelle,Essence,2001,147000
punto 1,10000,Fiat , Punto,Manuelle,Essence,1998,192000
golf 6 (7CV) essence 1.6,38000,Volkswagen , Golf,Manuelle,Essence,2010,98000
polo for,10000,Volkswagen , Polo,Manuelle,Essence,2001,130000
4X4 PAJERO,18000,Mitsubishi , Pajero,Manuelle,Diesel,1995,348000
Polo 5 en bonne etat,13500,Volkswagen , Polo,Manuelle,Essence,2005,145000
kia avendre,18000,Kia , Picanto,Manuelle,Essence,2010,20